wave,server,bot,main_role,eff,avg_spd,max_spd,dist,prog_ms,steals,caps,kills,deaths
164,s01-2v2-lmctf03,Arach[SG],defend,1.164,2,749,1331,1550,0,0,0,0
164,s01-2v2-lmctf03,Caco[SG],defend,0.189,249,777,10874,2055,0,0,0,0
164,s01-2v2-lmctf03,Rune[SG],attack,1.727,186,776,65795,113632,0,0,1,0
164,s01-2v2-lmctf03,Slip[SG],attack,1.577,142,779,55007,86726,0,0,0,1
164,s02-2v2-lmctf03,Arach[SG],defend,1.164,2,749,1331,1550,0,0,0,0
164,s02-2v2-lmctf03,Caco[SG],defend,0.189,249,777,10874,2055,0,0,0,0
164,s02-2v2-lmctf03,Rune[SG],attack,1.237,130,749,52716,65219,0,0,1,0
164,s02-2v2-lmctf03,Slip[SG],attack,0.500,256,798,97371,48719,0,0,0,1
164,s03-5v5-lmctf22,Arach[SG],defend,0.777,118,794,15891,12350,0,0,7,0
164,s03-5v5-lmctf22,Caco[SG],defend,1.013,240,775,39747,40250,0,0,2,1
164,s03-5v5-lmctf22,Rune[SG],defend,0.898,213,777,46179,41469,0,0,0,1
164,s03-5v5-lmctf22,Slip[SG],defend,1.148,243,780,55434,63633,0,0,3,3
164,s03-5v5-lmctf22,Gate[SG],attack,1.157,189,780,82852,95876,0,0,3,9
164,s03-5v5-lmctf22,Phase[SG],attack,1.309,225,797,94313,123444,1,0,6,3
164,s03-5v5-lmctf22,Field[SG],attack,1.483,213,811,97979,145327,0,0,9,9
164,s03-5v5-lmctf22,Trace[SG],attack,1.482,236,777,98127,145416,1,0,8,6
164,s03-5v5-lmctf22,Vore[SG],attack,1.480,232,791,98953,146403,1,0,3,7
164,s03-5v5-lmctf22,Fiend[SG],attack,1.385,220,782,97939,135657,0,0,2,4
164,s04-5v5-lmctf02c,Arach[SG],defend,1.295,176,784,95274,123335,0,0,1,0
164,s04-5v5-lmctf02c,Caco[SG],defend,1.814,123,799,44467,80650,0,0,1,3
164,s04-5v5-lmctf02c,Rune[SG],defend,1.477,224,783,92727,136987,0,0,5,5
164,s04-5v5-lmctf02c,Slip[SG],defend,1.587,243,783,102809,163141,0,0,1,1
164,s04-5v5-lmctf02c,Gate[SG],attack,1.938,230,801,102442,198489,1,0,5,3
164,s04-5v5-lmctf02c,Phase[SG],attack,1.782,209,798,97390,173537,0,0,3,1
164,s04-5v5-lmctf02c,Field[SG],attack,2.284,214,772,102356,233828,0,0,3,6
164,s04-5v5-lmctf02c,Trace[SG],attack,2.085,218,780,104470,217866,0,0,3,1
164,s04-5v5-lmctf02c,Vore[SG],attack,1.814,226,775,107129,194372,0,0,2,2
164,s04-5v5-lmctf02c,Fiend[SG],attack,1.793,217,801,114206,204783,0,0,3,5
164,s05-5v5-mactf06,Arach[SG],defend,0.190,245,612,15585,2955,0,0,4,1
164,s05-5v5-mactf06,Caco[SG],defend,0.971,186,701,17203,16703,0,0,1,0
164,s05-5v5-mactf06,Rune[SG],defend,0.114,247,336,5038,575,0,0,1,2
164,s05-5v5-mactf06,Slip[SG],defend,0.299,245,653,15861,4750,0,0,1,1
164,s05-5v5-mactf06,Gate[SG],attack,1.307,227,777,96456,126049,0,0,7,6
164,s05-5v5-mactf06,Phase[SG],attack,1.590,234,779,110729,176112,0,0,7,2
164,s05-5v5-mactf06,Field[SG],attack,1.168,238,811,104115,121586,0,0,6,5
164,s05-5v5-mactf06,Trace[SG],attack,1.229,227,781,98072,120539,0,0,8,6
164,s05-5v5-mactf06,Vore[SG],attack,1.463,229,778,107142,156762,0,0,7,8
164,s05-5v5-mactf06,Fiend[SG],attack,1.590,216,774,89256,141950,0,0,2,13
164,s06-5v5-lmctf05,Arach[SG],defend,1.323,170,775,57355,75897,0,0,1,2
164,s06-5v5-lmctf05,Caco[SG],defend,1.062,122,779,42662,45327,0,0,0,0
164,s06-5v5-lmctf05,Rune[SG],defend,0.795,221,789,61379,48814,0,0,4,2
164,s06-5v5-lmctf05,Slip[SG],defend,0.879,230,778,86063,75640,0,0,0,5
164,s06-5v5-lmctf05,Gate[SG],attack,1.505,176,773,59092,88907,0,0,2,3
164,s06-5v5-lmctf05,Phase[SG],attack,1.932,117,769,65172,125921,0,0,13,9
164,s06-5v5-lmctf05,Field[SG],attack,2.126,167,712,77223,164148,0,0,4,7
164,s06-5v5-lmctf05,Trace[SG],attack,1.838,125,800,67053,123218,0,0,5,4
164,s06-5v5-lmctf05,Vore[SG],attack,1.869,132,751,19238,35962,0,0,4,2
164,s06-5v5-lmctf05,Fiend[SG],attack,1.961,175,789,83502,163731,0,0,11,11
164,s07-5v5-lmctf01,Arach[SG],defend,1.256,1,285,1190,1495,0,0,1,0
164,s07-5v5-lmctf01,Caco[SG],defend,1.214,88,777,17693,21477,0,0,3,1
164,s07-5v5-lmctf01,Rune[SG],defend,0.509,221,494,30233,15400,0,0,0,0
164,s07-5v5-lmctf01,Slip[SG],defend,0.677,227,706,42732,28915,0,0,1,0
164,s07-5v5-lmctf01,Gate[SG],attack,1.131,192,778,68120,77028,0,0,0,2
164,s07-5v5-lmctf01,Phase[SG],attack,1.166,227,809,90578,105597,1,0,7,8
164,s07-5v5-lmctf01,Field[SG],attack,1.399,209,798,89543,125287,0,0,2,3
164,s07-5v5-lmctf01,Trace[SG],attack,2.257,173,797,81446,183836,0,0,3,2
164,s07-5v5-lmctf01,Vore[SG],attack,1.239,167,800,72257,89543,0,0,3,2
164,s07-5v5-lmctf01,Fiend[SG],attack,1.406,175,773,74692,105033,0,0,3,5
164,s08-7v7-lmctf09,Arach[SG],defend,1.656,27,779,13494,22350,0,0,6,1
164,s08-7v7-lmctf09,Caco[SG],defend,0.912,76,754,24414,22271,0,0,6,6
164,s08-7v7-lmctf09,Rune[SG],defend,1.171,203,656,50754,59438,0,0,3,2
164,s08-7v7-lmctf09,Slip[SG],defend,1.343,187,795,74118,99545,0,0,4,6
164,s08-7v7-lmctf09,Gate[SG],attack,1.551,205,776,93914,145650,0,0,14,8
164,s08-7v7-lmctf09,Phase[SG],attack,1.641,221,809,103561,169910,0,0,22,9
164,s08-7v7-lmctf09,Field[SG],attack,1.766,218,779,96612,170582,0,0,5,9
164,s08-7v7-lmctf09,Trace[SG],attack,1.656,212,788,97487,161416,0,0,2,11
164,s08-7v7-lmctf09,Vore[SG],attack,1.790,197,792,92039,164726,1,0,7,11
164,s08-7v7-lmctf09,Fiend[SG],attack,1.455,200,797,84495,122976,0,0,9,8
164,s08-7v7-lmctf09,Scrag[SG],attack,1.625,246,785,112584,182951,0,0,13,7
164,s08-7v7-lmctf09,Ogre[SG],attack,1.543,202,800,95699,147655,2,0,4,14
164,s08-7v7-lmctf09,Knight[SG],attack,1.678,194,809,94369,158345,0,0,1,9
164,s08-7v7-lmctf09,Wizard[SG],attack,1.658,247,796,110795,183656,1,0,19,14
164,s09-7v7-lmctf09,Arach[SG],defend,1.674,37,809,13463,22537,0,0,4,2
164,s09-7v7-lmctf09,Caco[SG],defend,1.001,63,738,23002,23030,0,0,5,4
164,s09-7v7-lmctf09,Rune[SG],defend,1.170,174,778,61958,72516,0,0,7,0
164,s09-7v7-lmctf09,Slip[SG],defend,1.403,139,765,34433,48303,0,0,2,7
164,s09-7v7-lmctf09,Gate[SG],attack,1.895,195,799,93173,176574,0,0,16,8
164,s09-7v7-lmctf09,Phase[SG],attack,1.975,229,781,106598,210509,0,0,13,11
164,s09-7v7-lmctf09,Field[SG],attack,1.785,189,799,91084,162545,0,0,7,8
164,s09-7v7-lmctf09,Trace[SG],attack,1.659,206,786,98494,163360,1,0,15,10
164,s09-7v7-lmctf09,Vore[SG],attack,1.803,214,799,99565,179559,1,0,11,23
164,s09-7v7-lmctf09,Fiend[SG],attack,1.972,191,806,91979,181398,0,0,9,12
164,s09-7v7-lmctf09,Scrag[SG],attack,1.597,236,809,109660,175073,1,0,19,6
164,s09-7v7-lmctf09,Ogre[SG],attack,1.605,162,795,78107,125334,0,0,8,16
164,s09-7v7-lmctf09,Knight[SG],attack,1.713,237,799,107090,183406,1,0,8,12
164,s09-7v7-lmctf09,Wizard[SG],attack,1.636,191,800,91203,149179,0,0,8,13
164,s10-5v1-smap05,Arach[SG],defend,1.295,81,775,28468,36857,0,0,1,0
164,s10-5v1-smap05,Caco[SG],attack,1.802,204,797,90925,163856,1,0,4,18
164,s10-5v1-smap05,Rune[SG],defend,1.563,222,1016,73299,114543,0,0,3,2
164,s10-5v1-smap05,Slip[SG],attack,1.723,205,797,82092,141445,0,0,4,1
164,s10-5v1-smap05,Gate[SG],attack,1.667,199,777,87871,146448,4,1,4,0
164,s10-5v1-smap05,Phase[SG],attack,1.728,211,794,76375,131993,1,0,6,1
165,s01-2v2-lmctf03,Arach[SG],defend,1.792,28,779,10338,18529,0,0,0,0
165,s01-2v2-lmctf03,Caco[SG],defend,1.589,211,777,21209,33691,1,0,0,0
165,s01-2v2-lmctf03,Rune[SG],attack,1.972,143,795,52587,103717,0,0,0,0
165,s01-2v2-lmctf03,Slip[SG],attack,0.980,223,791,85375,83638,1,0,0,0
165,s02-2v2-lmctf03,Arach[SG],defend,1.885,78,779,38414,72403,0,0,0,0
165,s02-2v2-lmctf03,Caco[SG],defend,2.090,236,777,27092,56616,0,0,0,0
165,s02-2v2-lmctf03,Rune[SG],attack,1.872,186,798,63584,119001,0,0,0,1
165,s02-2v2-lmctf03,Slip[SG],attack,1.146,225,779,88432,101318,1,0,1,0
165,s03-5v5-lmctf22,Arach[SG],defend,1.182,197,778,42892,50697,0,0,3,6
165,s03-5v5-lmctf22,Caco[SG],defend,1.089,224,775,49128,53500,0,0,1,7
165,s03-5v5-lmctf22,Rune[SG],defend,1.240,226,777,73374,90953,0,0,7,4
165,s03-5v5-lmctf22,Slip[SG],defend,1.240,170,781,43661,54157,0,0,4,2
165,s03-5v5-lmctf22,Gate[SG],attack,1.430,242,779,99718,142552,0,0,8,9
165,s03-5v5-lmctf22,Phase[SG],attack,1.003,177,778,75259,75464,0,0,5,0
165,s03-5v5-lmctf22,Field[SG],attack,1.466,227,782,95712,140322,1,0,8,11
165,s03-5v5-lmctf22,Trace[SG],attack,1.260,235,780,98122,123616,1,0,11,11
165,s03-5v5-lmctf22,Vore[SG],attack,1.442,222,788,96758,139536,0,0,8,8
165,s03-5v5-lmctf22,Fiend[SG],attack,1.520,232,787,88872,135088,0,0,8,6
165,s04-5v5-lmctf02c,Arach[SG],defend,1.137,119,763,58239,66190,0,0,1,0
165,s04-5v5-lmctf02c,Caco[SG],defend,1.488,142,755,67804,100913,0,0,1,1
165,s04-5v5-lmctf02c,Rune[SG],defend,1.174,235,806,109405,128438,0,0,0,0
165,s04-5v5-lmctf02c,Slip[SG],defend,1.327,228,782,69531,92251,0,0,0,0
165,s04-5v5-lmctf02c,Gate[SG],attack,1.667,216,806,104425,174085,0,0,3,6
165,s04-5v5-lmctf02c,Phase[SG],attack,1.775,204,764,96669,171573,0,0,7,7
165,s04-5v5-lmctf02c,Field[SG],attack,2.003,213,781,88452,177168,0,0,1,8
165,s04-5v5-lmctf02c,Trace[SG],attack,1.289,207,785,96693,124661,0,0,7,5
165,s04-5v5-lmctf02c,Vore[SG],attack,1.659,217,806,101233,167935,0,0,7,4
165,s04-5v5-lmctf02c,Fiend[SG],attack,2.229,224,806,106273,236874,0,0,9,5
165,s05-5v5-mactf06,Arach[SG],defend,0.147,118,612,7484,1100,0,0,3,3
165,s05-5v5-mactf06,Caco[SG],defend,1.784,209,764,34045,60746,0,0,2,6
165,s05-5v5-mactf06,Rune[SG],defend,0.750,231,760,15018,11261,0,0,4,2
165,s05-5v5-mactf06,Slip[SG],defend,1.413,246,789,36459,51510,0,0,1,2
165,s05-5v5-mactf06,Gate[SG],attack,1.332,229,791,93662,124755,1,0,9,9
165,s05-5v5-mactf06,Phase[SG],attack,1.364,237,800,102929,140363,0,0,6,2
165,s05-5v5-mactf06,Field[SG],attack,1.402,232,785,101010,141588,0,0,7,10
165,s05-5v5-mactf06,Trace[SG],attack,1.143,238,788,103020,117740,0,0,10,5
165,s05-5v5-mactf06,Vore[SG],attack,1.499,230,785,108461,162575,0,0,3,10
165,s05-5v5-mactf06,Fiend[SG],attack,1.213,231,785,100438,121836,0,0,8,4
165,s06-5v5-lmctf05,Arach[SG],defend,0.760,36,773,10441,7935,0,0,1,0
165,s06-5v5-lmctf05,Caco[SG],defend,1.268,61,753,22180,28125,0,0,3,2
165,s06-5v5-lmctf05,Rune[SG],defend,2.211,187,775,53879,119144,1,0,1,0
165,s06-5v5-lmctf05,Slip[SG],defend,2.083,184,779,82232,171280,0,0,3,8
165,s06-5v5-lmctf05,Gate[SG],attack,1.916,153,747,73999,141801,1,0,6,7
165,s06-5v5-lmctf05,Phase[SG],attack,2.115,167,778,81205,171772,1,0,2,1
165,s06-5v5-lmctf05,Field[SG],attack,2.723,146,794,70240,191249,0,0,7,3
165,s06-5v5-lmctf05,Trace[SG],attack,2.177,169,756,81464,177309,1,0,10,8
165,s06-5v5-lmctf05,Vore[SG],attack,2.148,186,778,80749,173443,0,0,3,5
165,s06-5v5-lmctf05,Fiend[SG],attack,3.796,117,663,16516,62696,0,0,0,2
165,s07-5v5-lmctf01,Arach[SG],defend,1.256,1,285,1190,1495,0,0,1,0
165,s07-5v5-lmctf01,Caco[SG],defend,1.155,98,796,22786,26325,0,0,2,0
165,s07-5v5-lmctf01,Rune[SG],defend,0.483,235,778,23176,11200,0,0,1,0
165,s07-5v5-lmctf01,Slip[SG],defend,1.111,213,778,59808,66445,0,0,2,3
165,s07-5v5-lmctf01,Gate[SG],attack,1.390,216,784,98848,137439,0,0,4,6
165,s07-5v5-lmctf01,Phase[SG],attack,1.160,215,802,90957,105546,0,0,6,6
165,s07-5v5-lmctf01,Field[SG],attack,1.247,175,776,78821,98275,0,0,4,6
165,s07-5v5-lmctf01,Trace[SG],attack,1.367,208,796,88610,121168,0,0,10,4
165,s07-5v5-lmctf01,Vore[SG],attack,1.274,180,784,82597,105252,0,0,4,6
165,s07-5v5-lmctf01,Fiend[SG],attack,1.390,189,806,83342,115813,0,0,4,7
165,s08-7v7-lmctf09,Arach[SG],defend,1.175,67,753,25144,29546,0,0,6,3
165,s08-7v7-lmctf09,Caco[SG],defend,0.751,41,724,12884,9675,0,0,1,3
165,s08-7v7-lmctf09,Rune[SG],defend,0.904,230,656,61619,55703,0,0,5,3
165,s08-7v7-lmctf09,Slip[SG],defend,0.967,195,770,34590,33436,0,0,3,2
165,s08-7v7-lmctf09,Gate[SG],attack,1.526,212,806,101470,154798,0,0,17,7
165,s08-7v7-lmctf09,Phase[SG],attack,1.636,212,775,99326,162511,0,0,7,10
165,s08-7v7-lmctf09,Field[SG],attack,1.643,217,787,104125,171123,0,0,14,13
165,s08-7v7-lmctf09,Trace[SG],attack,1.625,224,774,96387,156609,0,0,7,8
165,s08-7v7-lmctf09,Vore[SG],attack,1.455,191,795,95146,138469,0,0,6,9
165,s08-7v7-lmctf09,Fiend[SG],attack,1.616,236,789,104631,169049,0,0,10,12
165,s08-7v7-lmctf09,Scrag[SG],attack,1.645,206,795,99084,162989,0,0,9,10
165,s08-7v7-lmctf09,Ogre[SG],attack,1.602,224,798,107130,171625,0,0,8,9
165,s08-7v7-lmctf09,Knight[SG],attack,1.773,213,781,101226,179448,0,0,12,16
165,s08-7v7-lmctf09,Wizard[SG],attack,1.831,234,779,98977,181257,0,0,9,9
165,s09-7v7-lmctf09,Arach[SG],defend,1.479,42,771,20778,30734,0,0,0,2
165,s09-7v7-lmctf09,Caco[SG],defend,1.094,102,809,35329,38654,0,0,7,5
165,s09-7v7-lmctf09,Rune[SG],defend,1.133,224,739,77842,88184,0,0,2,9
165,s09-7v7-lmctf09,Slip[SG],defend,1.477,184,788,60884,89940,0,0,5,8
165,s09-7v7-lmctf09,Gate[SG],attack,1.814,236,807,110073,199691,0,0,9,13
165,s09-7v7-lmctf09,Phase[SG],attack,1.653,220,788,94364,156001,0,0,10,13
165,s09-7v7-lmctf09,Field[SG],attack,1.619,230,800,83405,135071,0,0,10,7
165,s09-7v7-lmctf09,Trace[SG],attack,1.579,227,781,100264,158303,0,0,8,8
165,s09-7v7-lmctf09,Vore[SG],attack,1.719,227,808,100013,171927,1,0,12,6
165,s09-7v7-lmctf09,Fiend[SG],attack,1.670,232,808,100049,167037,2,0,13,8
165,s09-7v7-lmctf09,Scrag[SG],attack,1.564,211,797,98339,153824,0,0,7,17
165,s09-7v7-lmctf09,Ogre[SG],attack,1.551,190,782,83339,129254,0,0,12,7
165,s09-7v7-lmctf09,Knight[SG],attack,1.753,206,799,88618,155327,1,0,16,7
165,s09-7v7-lmctf09,Wizard[SG],attack,1.722,179,800,87554,150760,0,0,8,9
165,s10-5v1-smap05,Arach[SG],defend,2.193,13,745,5550,12169,0,0,0,1
165,s10-5v1-smap05,Caco[SG],attack,1.640,195,1100,91098,149429,1,0,8,6
165,s10-5v1-smap05,Rune[SG],defend,1.098,207,792,67340,73934,0,0,2,2
165,s10-5v1-smap05,Slip[SG],attack,1.346,188,767,65190,87776,1,0,0,2
165,s10-5v1-smap05,Gate[SG],attack,1.522,185,790,73957,112597,1,0,3,2
165,s10-5v1-smap05,Phase[SG],attack,1.413,196,794,67220,94983,0,0,1,1
166,s01-2v2-lmctf03,Arach[SG],defend,0.873,50,789,22267,19434,0,0,0,0
166,s01-2v2-lmctf03,Caco[SG],defend,0.189,249,777,10874,2055,0,0,0,0
166,s01-2v2-lmctf03,Rune[SG],attack,1.637,121,753,50998,83461,0,0,0,0
166,s01-2v2-lmctf03,Slip[SG],attack,0.645,250,784,90163,58157,0,0,0,0
166,s02-2v2-lmctf03,Arach[SG],defend,1.164,2,749,1331,1550,0,0,0,0
166,s02-2v2-lmctf03,Caco[SG],defend,0.189,249,777,10892,2055,0,0,0,0
166,s02-2v2-lmctf03,Rune[SG],attack,1.916,183,789,56697,108648,0,0,0,1
166,s02-2v2-lmctf03,Slip[SG],attack,0.517,258,781,96663,49973,0,0,1,0
166,s03-5v5-lmctf22,Arach[SG],defend,1.486,147,797,50846,75565,0,0,9,9
166,s03-5v5-lmctf22,Caco[SG],defend,0.690,237,801,40010,27625,0,0,2,1
166,s03-5v5-lmctf22,Rune[SG],defend,1.611,181,774,60207,96973,0,0,3,5
166,s03-5v5-lmctf22,Slip[SG],defend,1.562,215,775,50979,79605,0,0,5,6
166,s03-5v5-lmctf22,Gate[SG],attack,1.486,201,790,91027,135267,1,0,8,4
166,s03-5v5-lmctf22,Phase[SG],attack,1.489,242,795,99668,148440,0,0,7,11
166,s03-5v5-lmctf22,Field[SG],attack,1.491,235,786,99520,148336,0,0,7,10
166,s03-5v5-lmctf22,Trace[SG],attack,1.711,223,791,92884,158911,0,0,7,13
166,s03-5v5-lmctf22,Vore[SG],attack,1.549,235,776,90026,139421,1,0,16,7
166,s03-5v5-lmctf22,Fiend[SG],attack,1.702,238,791,94800,161360,2,0,11,10
166,s04-5v5-lmctf02c,Arach[SG],defend,1.148,126,770,59827,68670,0,0,0,1
166,s04-5v5-lmctf02c,Caco[SG],defend,1.662,195,778,87392,145267,0,0,1,0
166,s04-5v5-lmctf02c,Rune[SG],defend,1.331,234,783,96996,129104,0,0,1,3
166,s04-5v5-lmctf02c,Slip[SG],defend,1.256,219,768,86967,109215,0,0,0,0
166,s04-5v5-lmctf02c,Gate[SG],attack,1.350,227,776,100376,135473,0,0,3,4
166,s04-5v5-lmctf02c,Phase[SG],attack,1.874,207,783,91644,171742,0,0,3,9
166,s04-5v5-lmctf02c,Field[SG],attack,2.070,211,793,99951,206918,0,0,5,3
166,s04-5v5-lmctf02c,Trace[SG],attack,1.805,225,805,102466,184905,0,0,8,5
166,s04-5v5-lmctf02c,Vore[SG],attack,2.217,218,799,101453,224944,0,0,7,5
166,s04-5v5-lmctf02c,Fiend[SG],attack,1.776,217,800,101831,180819,0,0,9,7
166,s05-5v5-mactf06,Arach[SG],defend,0.754,129,776,20669,15590,0,0,0,2
166,s05-5v5-mactf06,Caco[SG],defend,0.982,104,776,22726,22328,0,0,0,5
166,s05-5v5-mactf06,Rune[SG],defend,1.091,234,761,19575,21357,0,0,2,6
166,s05-5v5-mactf06,Slip[SG],defend,0.080,250,653,12450,1000,0,0,1,0
166,s05-5v5-mactf06,Gate[SG],attack,1.263,231,803,108485,137032,0,0,9,1
166,s05-5v5-mactf06,Phase[SG],attack,1.517,236,800,93907,142468,0,0,8,4
166,s05-5v5-mactf06,Field[SG],attack,1.266,225,779,92941,117692,0,0,8,6
166,s05-5v5-mactf06,Trace[SG],attack,1.599,230,800,97596,156024,0,0,6,6
166,s05-5v5-mactf06,Vore[SG],attack,1.397,222,779,92214,128838,0,0,4,10
166,s05-5v5-mactf06,Fiend[SG],attack,1.175,231,796,94514,111079,0,0,6,4
166,s06-5v5-lmctf05,Arach[SG],defend,1.471,157,776,64475,94867,0,0,11,5
166,s06-5v5-lmctf05,Caco[SG],defend,1.477,137,779,53611,79159,0,0,3,12
166,s06-5v5-lmctf05,Rune[SG],defend,1.286,237,774,60445,77704,0,0,2,2
166,s06-5v5-lmctf05,Slip[SG],defend,1.570,205,779,81096,127280,0,0,3,10
166,s06-5v5-lmctf05,Gate[SG],attack,2.156,150,788,65958,142177,1,0,8,4
166,s06-5v5-lmctf05,Phase[SG],attack,2.020,130,798,54755,110617,0,0,12,7
166,s06-5v5-lmctf05,Field[SG],attack,2.139,173,770,79249,169494,0,0,7,10
166,s06-5v5-lmctf05,Trace[SG],attack,1.960,148,771,75908,148770,0,0,10,5
166,s06-5v5-lmctf05,Vore[SG],attack,2.016,185,799,84756,170859,2,0,8,10
166,s06-5v5-lmctf05,Fiend[SG],attack,2.546,154,799,12947,32964,0,0,1,1
166,s07-5v5-lmctf01,Arach[SG],defend,1.256,1,285,1190,1495,0,0,1,0
166,s07-5v5-lmctf01,Caco[SG],defend,0.140,137,301,6948,971,0,0,0,0
166,s07-5v5-lmctf01,Rune[SG],defend,0.523,222,387,34059,17800,0,0,0,1
166,s07-5v5-lmctf01,Slip[SG],defend,1.074,207,714,52657,56539,0,0,0,2
166,s07-5v5-lmctf01,Gate[SG],attack,1.016,209,782,78688,79929,0,0,6,4
166,s07-5v5-lmctf01,Phase[SG],attack,1.169,207,802,89207,104266,0,0,3,2
166,s07-5v5-lmctf01,Field[SG],attack,1.372,165,800,76896,105484,0,0,2,4
166,s07-5v5-lmctf01,Trace[SG],attack,2.617,181,800,84202,220370,0,0,3,2
166,s07-5v5-lmctf01,Vore[SG],attack,1.467,167,800,72614,106501,0,0,2,4
166,s07-5v5-lmctf01,Fiend[SG],attack,1.426,175,787,78012,111207,0,0,4,3
166,s08-7v7-lmctf09,Arach[SG],defend,1.341,18,799,9539,12791,0,0,4,2
166,s08-7v7-lmctf09,Caco[SG],defend,1.300,108,800,45006,58529,0,0,2,6
166,s08-7v7-lmctf09,Rune[SG],defend,1.230,221,715,63747,78426,0,0,4,1
166,s08-7v7-lmctf09,Slip[SG],defend,1.208,233,801,38189,46148,0,0,2,8
166,s08-7v7-lmctf09,Gate[SG],attack,1.618,227,799,102833,166394,0,0,17,16
166,s08-7v7-lmctf09,Phase[SG],attack,1.812,183,773,88051,159568,0,0,5,6
166,s08-7v7-lmctf09,Field[SG],attack,1.758,197,798,86393,151905,1,0,7,11
166,s08-7v7-lmctf09,Trace[SG],attack,1.860,209,799,96106,178747,1,0,12,5
166,s08-7v7-lmctf09,Vore[SG],attack,1.779,205,777,87988,156526,1,0,11,12
166,s08-7v7-lmctf09,Fiend[SG],attack,1.794,189,809,91976,164963,0,0,4,6
166,s08-7v7-lmctf09,Scrag[SG],attack,1.879,207,801,97179,182617,0,0,15,8
166,s08-7v7-lmctf09,Ogre[SG],attack,1.563,202,779,95805,149717,0,0,7,8
166,s08-7v7-lmctf09,Knight[SG],attack,1.757,220,800,97683,171664,0,0,7,7
166,s08-7v7-lmctf09,Wizard[SG],attack,1.671,223,790,103224,172500,0,0,7,9
166,s09-7v7-lmctf09,Arach[SG],defend,1.799,21,799,10095,18157,0,0,5,3
166,s09-7v7-lmctf09,Caco[SG],defend,1.272,23,471,7841,9977,0,0,3,0
166,s09-7v7-lmctf09,Rune[SG],defend,0.842,216,799,37981,31976,0,0,7,4
166,s09-7v7-lmctf09,Slip[SG],defend,1.315,202,770,27036,35552,0,0,8,1
166,s09-7v7-lmctf09,Gate[SG],attack,1.785,202,800,100449,179265,0,0,8,15
166,s09-7v7-lmctf09,Phase[SG],attack,1.742,203,779,101198,176293,0,0,13,8
166,s09-7v7-lmctf09,Field[SG],attack,1.914,219,960,110892,212225,0,0,12,17
166,s09-7v7-lmctf09,Trace[SG],attack,1.516,203,799,98112,148689,0,0,14,12
166,s09-7v7-lmctf09,Vore[SG],attack,1.862,217,800,101997,189964,0,0,12,14
166,s09-7v7-lmctf09,Fiend[SG],attack,1.675,226,804,96544,161752,0,0,13,12
166,s09-7v7-lmctf09,Scrag[SG],attack,1.676,225,809,106132,177859,0,0,15,13
166,s09-7v7-lmctf09,Ogre[SG],attack,1.545,205,792,87301,134909,0,0,10,13
166,s09-7v7-lmctf09,Knight[SG],attack,1.662,233,798,94099,156357,0,0,13,13
166,s09-7v7-lmctf09,Wizard[SG],attack,1.678,210,793,92469,155158,0,0,9,17
166,s10-5v1-smap05,Arach[SG],defend,1.495,44,775,19162,28649,0,0,3,1
166,s10-5v1-smap05,Caco[SG],recover,1.783,188,796,83801,149436,0,0,7,11
166,s10-5v1-smap05,Rune[SG],defend,1.530,189,1100,60945,93230,0,0,2,0
166,s10-5v1-smap05,Slip[SG],attack,1.596,202,793,77959,124458,2,1,2,2
166,s10-5v1-smap05,Gate[SG],attack,1.755,186,800,59834,104999,0,0,2,1
166,s10-5v1-smap05,Phase[SG],attack,1.641,207,800,77828,127737,1,0,2,3
167,s01-2v2-lmctf03,Arach[SG],defend,0.863,30,749,9173,7912,0,0,0,0
167,s01-2v2-lmctf03,Caco[SG],defend,0.383,185,777,9553,3655,0,0,1,1
167,s01-2v2-lmctf03,Rune[SG],attack,1.276,193,774,86926,110923,0,0,1,1
167,s01-2v2-lmctf03,Slip[SG],attack,1.703,144,779,59341,101032,0,0,0,0
167,s02-2v2-lmctf03,Arach[SG],defend,1.113,54,749,25174,28014,0,0,1,0
167,s02-2v2-lmctf03,Caco[SG],defend,0.189,249,777,10874,2055,0,0,0,0
167,s02-2v2-lmctf03,Rune[SG],attack,1.690,152,776,63695,107660,0,0,0,0
167,s02-2v2-lmctf03,Slip[SG],attack,1.172,191,779,76789,89985,0,0,0,1
167,s03-5v5-lmctf22,Arach[SG],defend,1.318,81,754,19910,26249,0,0,5,2
167,s03-5v5-lmctf22,Caco[SG],defend,0.332,182,775,19216,6375,0,0,4,1
167,s03-5v5-lmctf22,Rune[SG],defend,1.173,208,781,41822,49052,0,0,3,0
167,s03-5v5-lmctf22,Slip[SG],defend,1.092,231,766,33344,36410,0,0,1,1
167,s03-5v5-lmctf22,Gate[SG],attack,1.187,188,786,80774,95858,1,0,3,3
167,s03-5v5-lmctf22,Phase[SG],attack,1.172,238,777,95992,112488,0,0,4,6
167,s03-5v5-lmctf22,Field[SG],attack,1.695,232,794,103353,175157,0,0,8,5
167,s03-5v5-lmctf22,Trace[SG],attack,1.484,250,788,99447,147552,0,0,9,11
167,s03-5v5-lmctf22,Vore[SG],attack,1.575,238,787,107485,169327,1,0,0,10
167,s03-5v5-lmctf22,Fiend[SG],attack,1.537,226,782,97979,150608,0,0,9,7
167,s04-5v5-lmctf02c,Arach[SG],defend,1.398,145,773,75131,105050,0,0,1,1
167,s04-5v5-lmctf02c,Caco[SG],defend,1.918,130,778,58811,112802,0,0,1,4
167,s04-5v5-lmctf02c,Rune[SG],defend,1.133,233,806,103278,117022,0,0,0,1
167,s04-5v5-lmctf02c,Slip[SG],defend,1.204,232,778,91641,110373,0,0,0,0
167,s04-5v5-lmctf02c,Gate[SG],attack,1.670,216,786,102935,171877,0,0,4,1
167,s04-5v5-lmctf02c,Phase[SG],attack,1.802,226,807,107317,193403,0,0,16,4
167,s04-5v5-lmctf02c,Field[SG],attack,1.922,219,799,97054,186533,0,0,1,12
167,s04-5v5-lmctf02c,Trace[SG],attack,1.767,197,776,97086,171513,0,0,11,3
167,s04-5v5-lmctf02c,Vore[SG],attack,1.758,202,775,89780,157836,0,0,2,7
167,s04-5v5-lmctf02c,Fiend[SG],attack,1.715,214,782,94140,161485,0,0,6,9
167,s05-5v5-mactf06,Arach[SG],defend,0.914,141,717,17910,16364,0,0,6,5
167,s05-5v5-mactf06,Caco[SG],defend,0.801,218,728,21449,17178,0,0,1,0
167,s05-5v5-mactf06,Rune[SG],defend,0.835,237,740,16093,13434,0,0,2,5
167,s05-5v5-mactf06,Slip[SG],defend,0.971,236,776,29190,28354,0,0,2,2
167,s05-5v5-mactf06,Gate[SG],attack,1.517,231,781,101105,153420,0,0,4,7
167,s05-5v5-mactf06,Phase[SG],attack,1.322,230,807,103248,136458,0,0,4,4
167,s05-5v5-mactf06,Field[SG],attack,1.452,229,782,103874,150779,0,0,6,8
167,s05-5v5-mactf06,Trace[SG],attack,1.278,238,786,103413,132129,0,0,11,3
167,s05-5v5-mactf06,Vore[SG],attack,1.803,221,795,93190,168000,1,0,11,11
167,s05-5v5-mactf06,Fiend[SG],attack,1.231,231,781,95386,117441,0,0,4,6
167,s06-5v5-lmctf05,Arach[SG],defend,0.794,224,767,59825,47488,0,0,3,2
167,s06-5v5-lmctf05,Caco[SG],defend,1.071,146,776,42064,45036,0,0,1,2
167,s06-5v5-lmctf05,Rune[SG],defend,1.996,209,775,54736,109248,0,0,0,3
167,s06-5v5-lmctf05,Slip[SG],defend,1.210,201,786,85604,103556,0,0,1,3
167,s06-5v5-lmctf05,Gate[SG],attack,2.348,141,763,74315,174499,0,0,3,2
167,s06-5v5-lmctf05,Phase[SG],attack,1.737,199,776,85636,148741,0,0,5,1
167,s06-5v5-lmctf05,Field[SG],attack,3.574,118,541,26477,94632,0,0,0,1
167,s06-5v5-lmctf05,Trace[SG],attack,1.814,151,775,75513,136968,1,0,12,5
167,s06-5v5-lmctf05,Vore[SG],attack,2.046,141,772,68741,140647,0,0,6,11
167,s06-5v5-lmctf05,Fiend[SG],attack,2.231,186,786,53293,118913,0,0,5,7
167,s07-5v5-lmctf01,Arach[SG],defend,0.577,51,597,4537,2620,0,0,2,1
167,s07-5v5-lmctf01,Caco[SG],defend,1.228,68,781,14221,17464,0,0,2,1
167,s07-5v5-lmctf01,Rune[SG],defend,0.440,222,341,27846,12250,0,0,1,0
167,s07-5v5-lmctf01,Slip[SG],defend,0.788,222,744,49960,39390,0,0,2,1
167,s07-5v5-lmctf01,Gate[SG],attack,1.221,181,794,79495,97041,0,0,3,2
167,s07-5v5-lmctf01,Phase[SG],attack,1.483,202,802,87421,129653,0,0,6,2
167,s07-5v5-lmctf01,Field[SG],attack,1.180,195,787,89571,105654,0,0,3,4
167,s07-5v5-lmctf01,Trace[SG],attack,1.326,198,795,87463,115999,0,0,1,7
167,s07-5v5-lmctf01,Vore[SG],attack,1.210,171,778,72362,87540,0,0,2,4
167,s07-5v5-lmctf01,Fiend[SG],attack,1.436,176,794,70319,100957,0,0,3,3
167,s08-7v7-lmctf09,Arach[SG],defend,1.426,85,773,37286,53156,0,0,7,1
167,s08-7v7-lmctf09,Caco[SG],defend,1.096,111,755,38923,42672,0,0,5,7
167,s08-7v7-lmctf09,Rune[SG],defend,0.988,224,806,65415,64644,0,0,4,2
167,s08-7v7-lmctf09,Slip[SG],defend,1.446,188,806,65009,94024,0,0,0,5
167,s08-7v7-lmctf09,Gate[SG],attack,1.748,221,800,102122,178527,1,0,21,8
167,s08-7v7-lmctf09,Phase[SG],attack,1.609,224,797,102277,164613,0,0,15,6
167,s08-7v7-lmctf09,Field[SG],attack,1.761,192,785,91785,161605,0,0,3,17
167,s08-7v7-lmctf09,Trace[SG],attack,1.592,231,968,97793,155644,1,0,10,6
167,s08-7v7-lmctf09,Vore[SG],attack,1.681,200,809,95444,160415,1,0,10,11
167,s08-7v7-lmctf09,Fiend[SG],attack,1.559,217,800,105711,164783,1,0,8,9
167,s08-7v7-lmctf09,Scrag[SG],attack,1.794,232,800,106675,191419,0,0,19,14
167,s08-7v7-lmctf09,Ogre[SG],attack,1.710,184,784,81840,139930,0,0,10,11
167,s08-7v7-lmctf09,Knight[SG],attack,1.643,199,799,93465,153546,0,0,11,20
167,s08-7v7-lmctf09,Wizard[SG],attack,1.672,199,801,85827,143483,0,0,7,13
167,s09-7v7-lmctf09,Arach[SG],defend,0.963,20,401,9166,8825,0,0,6,3
167,s09-7v7-lmctf09,Caco[SG],defend,1.374,97,755,39865,54766,0,0,4,3
167,s09-7v7-lmctf09,Rune[SG],defend,1.322,237,809,90985,120248,0,0,5,1
167,s09-7v7-lmctf09,Slip[SG],defend,1.257,181,774,70128,88176,0,0,8,5
167,s09-7v7-lmctf09,Gate[SG],attack,1.665,193,800,93323,155398,0,0,7,9
167,s09-7v7-lmctf09,Phase[SG],attack,1.556,200,800,93303,145214,1,0,11,6
167,s09-7v7-lmctf09,Field[SG],attack,1.948,215,809,94981,185067,1,0,7,17
167,s09-7v7-lmctf09,Trace[SG],attack,1.821,217,809,103055,187634,0,0,10,10
167,s09-7v7-lmctf09,Vore[SG],attack,1.570,215,777,92806,145741,1,0,8,8
167,s09-7v7-lmctf09,Fiend[SG],attack,1.882,227,789,109142,205391,1,0,14,11
167,s09-7v7-lmctf09,Scrag[SG],attack,1.717,228,976,96697,166017,0,0,17,13
167,s09-7v7-lmctf09,Ogre[SG],attack,1.820,198,804,98836,179866,0,0,3,16
167,s09-7v7-lmctf09,Knight[SG],attack,1.590,224,799,104230,165687,0,0,15,8
167,s09-7v7-lmctf09,Wizard[SG],attack,2.013,219,799,93125,187442,0,0,8,13
167,s10-5v1-smap05,Arach[SG],defend,1.788,4,505,1543,2760,0,0,2,0
167,s10-5v1-smap05,Caco[SG],recover,1.955,209,986,93689,183133,0,0,7,13
167,s10-5v1-smap05,Rune[SG],defend,1.402,217,798,60465,84768,1,0,3,2
167,s10-5v1-smap05,Slip[SG],attack,1.450,216,800,67126,97352,3,1,1,3
167,s10-5v1-smap05,Gate[SG],attack,1.488,206,779,73544,109441,1,0,3,1
167,s10-5v1-smap05,Phase[SG],attack,1.238,231,776,66484,82300,2,0,4,1
168,s01-2v2-lmctf03,Arach[SG],defend,1.031,64,749,17762,18319,0,0,0,1
168,s01-2v2-lmctf03,Caco[SG],defend,0.983,233,777,16174,15896,0,0,0,0
168,s01-2v2-lmctf03,Rune[SG],attack,1.726,185,786,69821,120544,0,0,0,3
168,s01-2v2-lmctf03,Slip[SG],attack,1.479,158,779,70223,103847,0,0,4,0
168,s02-2v2-lmctf03,Arach[SG],defend,1.378,83,767,29900,41214,0,0,0,2
168,s02-2v2-lmctf03,Caco[SG],defend,1.782,111,777,30456,54279,0,0,0,0
168,s02-2v2-lmctf03,Rune[SG],attack,1.651,159,755,74408,122825,0,0,2,1
168,s02-2v2-lmctf03,Slip[SG],attack,1.390,221,779,96319,133914,2,0,3,2
168,s03-5v5-lmctf22,Arach[SG],defend,1.056,169,777,39902,42140,0,0,3,3
168,s03-5v5-lmctf22,Caco[SG],defend,1.012,120,778,37412,37851,0,0,3,6
168,s03-5v5-lmctf22,Rune[SG],defend,1.415,213,779,59153,83686,0,0,7,2
168,s03-5v5-lmctf22,Slip[SG],defend,1.264,167,792,53351,67413,0,0,3,4
168,s03-5v5-lmctf22,Gate[SG],attack,1.302,197,777,78198,101819,0,0,3,1
168,s03-5v5-lmctf22,Phase[SG],attack,1.407,233,790,95411,134242,0,0,18,11
168,s03-5v5-lmctf22,Field[SG],attack,1.621,229,784,90323,146452,0,0,4,13
168,s03-5v5-lmctf22,Trace[SG],attack,1.428,233,778,95141,135894,1,0,7,7
168,s03-5v5-lmctf22,Vore[SG],attack,1.596,241,1243,100038,159678,1,0,9,7
168,s03-5v5-lmctf22,Fiend[SG],attack,1.515,239,798,99291,150415,2,0,5,8
168,s04-5v5-lmctf02c,Arach[SG],defend,1.392,186,777,96390,134130,0,0,0,0
168,s04-5v5-lmctf02c,Caco[SG],defend,1.593,118,775,50904,81114,0,0,2,0
168,s04-5v5-lmctf02c,Rune[SG],defend,1.238,231,799,105955,131138,0,0,0,1
168,s04-5v5-lmctf02c,Slip[SG],defend,1.336,238,776,50353,67250,0,0,1,0
168,s04-5v5-lmctf02c,Gate[SG],attack,2.000,234,801,115082,230134,0,0,6,6
168,s04-5v5-lmctf02c,Phase[SG],attack,2.418,225,785,104404,252460,0,0,10,5
168,s04-5v5-lmctf02c,Field[SG],attack,1.614,229,806,105128,169658,0,0,3,6
168,s04-5v5-lmctf02c,Trace[SG],attack,2.071,233,791,104886,217203,0,0,6,1
168,s04-5v5-lmctf02c,Vore[SG],attack,1.590,214,806,94954,150987,0,0,2,4
168,s04-5v5-lmctf02c,Fiend[SG],attack,1.964,225,778,81295,159695,0,0,5,12
168,s05-5v5-mactf06,Arach[SG],defend,0.934,29,757,6008,5614,0,0,8,0
168,s05-5v5-mactf06,Caco[SG],defend,1.379,115,796,31789,43822,0,0,1,3
168,s05-5v5-mactf06,Rune[SG],defend,0.898,244,771,19607,17607,0,0,1,1
168,s05-5v5-mactf06,Slip[SG],defend,1.033,238,783,47902,49459,0,0,2,2
168,s05-5v5-mactf06,Gate[SG],attack,1.377,210,800,88088,121337,0,0,9,3
168,s05-5v5-mactf06,Phase[SG],attack,1.567,232,799,98743,154717,0,0,10,13
168,s05-5v5-mactf06,Field[SG],attack,1.465,217,794,96261,141064,0,0,6,10
168,s05-5v5-mactf06,Trace[SG],attack,1.575,226,779,90319,142262,0,0,8,4
168,s05-5v5-mactf06,Vore[SG],attack,1.196,240,879,104858,125397,0,0,6,5
168,s05-5v5-mactf06,Fiend[SG],attack,1.540,219,795,94933,146174,0,0,5,16
168,s06-5v5-lmctf05,Arach[SG],defend,1.266,209,780,49794,63062,0,0,1,4
168,s06-5v5-lmctf05,Caco[SG],defend,1.267,95,772,30061,38098,0,0,5,4
168,s06-5v5-lmctf05,Rune[SG],defend,1.705,233,782,64194,109458,0,0,1,0
168,s06-5v5-lmctf05,Slip[SG],defend,1.294,203,794,82211,106357,0,0,4,7
168,s06-5v5-lmctf05,Gate[SG],attack,2.195,186,790,89537,196559,0,0,1,4
168,s06-5v5-lmctf05,Phase[SG],attack,2.314,176,779,83064,192224,0,0,4,9
168,s06-5v5-lmctf05,Field[SG],attack,2.313,117,749,68064,157464,1,0,13,3
168,s06-5v5-lmctf05,Trace[SG],attack,1.779,170,794,82799,147259,1,0,12,11
168,s06-5v5-lmctf05,Vore[SG],attack,2.143,130,764,45913,98375,0,0,3,3
168,s06-5v5-lmctf05,Fiend[SG],attack,2.112,155,776,61898,130702,0,0,3,3
168,s07-5v5-lmctf01,Arach[SG],defend,0.889,22,498,5169,4595,0,0,0,0
168,s07-5v5-lmctf01,Caco[SG],defend,0.067,249,309,11905,796,0,0,3,0
168,s07-5v5-lmctf01,Rune[SG],defend,0.756,225,787,38923,29412,0,0,3,0
168,s07-5v5-lmctf01,Slip[SG],defend,1.293,225,778,43088,55694,0,0,0,0
168,s07-5v5-lmctf01,Gate[SG],attack,1.284,201,785,79017,101454,0,0,2,1
168,s07-5v5-lmctf01,Phase[SG],attack,1.295,209,802,88824,115049,1,0,6,4
168,s07-5v5-lmctf01,Field[SG],attack,1.363,162,776,73931,100765,1,0,3,2
168,s07-5v5-lmctf01,Trace[SG],attack,1.636,187,791,86085,140839,0,0,3,5
168,s07-5v5-lmctf01,Vore[SG],attack,1.185,133,790,59602,70633,0,0,1,4
168,s07-5v5-lmctf01,Fiend[SG],attack,1.428,141,799,62173,88771,0,0,3,8
168,s08-7v7-lmctf09,Arach[SG],defend,1.313,68,785,29444,38658,0,0,3,5
168,s08-7v7-lmctf09,Caco[SG],defend,1.079,151,669,44376,47891,0,0,3,7
168,s08-7v7-lmctf09,Rune[SG],defend,1.199,227,777,72352,86771,0,0,5,3
168,s08-7v7-lmctf09,Slip[SG],defend,1.301,209,770,44278,57598,0,0,7,3
168,s08-7v7-lmctf09,Gate[SG],attack,1.692,207,785,92833,157077,0,0,15,9
168,s08-7v7-lmctf09,Phase[SG],attack,1.883,215,800,101490,191102,0,0,6,10
168,s08-7v7-lmctf09,Field[SG],attack,1.634,161,803,80305,131210,0,0,4,7
168,s08-7v7-lmctf09,Trace[SG],attack,1.579,203,788,90793,143397,1,0,8,10
168,s08-7v7-lmctf09,Vore[SG],attack,1.530,196,797,86177,131810,0,0,9,11
168,s08-7v7-lmctf09,Fiend[SG],attack,1.700,230,800,106898,181712,0,0,10,10
168,s08-7v7-lmctf09,Scrag[SG],attack,1.565,184,800,84621,132408,0,0,12,11
168,s08-7v7-lmctf09,Ogre[SG],attack,1.647,194,764,89588,147578,0,0,9,13
168,s08-7v7-lmctf09,Knight[SG],attack,1.677,219,780,96420,161690,0,0,11,6
168,s08-7v7-lmctf09,Wizard[SG],attack,1.844,227,798,98926,182448,1,0,15,12
168,s09-7v7-lmctf09,Arach[SG],defend,1.493,35,723,16410,24508,0,0,11,3
168,s09-7v7-lmctf09,Caco[SG],defend,1.285,51,747,20049,25769,0,0,4,0
168,s09-7v7-lmctf09,Rune[SG],defend,0.953,206,754,52725,50245,0,0,5,3
168,s09-7v7-lmctf09,Slip[SG],defend,1.296,208,784,41714,54065,0,0,1,0
168,s09-7v7-lmctf09,Gate[SG],attack,1.792,236,797,107787,193103,0,0,10,11
168,s09-7v7-lmctf09,Phase[SG],attack,1.697,202,799,100528,170594,0,0,16,14
168,s09-7v7-lmctf09,Field[SG],attack,1.743,212,809,98506,171678,2,0,6,20
168,s09-7v7-lmctf09,Trace[SG],attack,1.571,229,800,76793,120629,0,0,6,5
168,s09-7v7-lmctf09,Vore[SG],attack,1.936,215,788,107169,207477,0,0,7,20
168,s09-7v7-lmctf09,Fiend[SG],attack,1.601,229,775,101516,162496,0,0,14,6
168,s09-7v7-lmctf09,Scrag[SG],attack,1.601,216,800,94011,150555,0,0,13,14
168,s09-7v7-lmctf09,Ogre[SG],attack,1.506,219,810,100503,151338,1,0,9,9
168,s09-7v7-lmctf09,Knight[SG],attack,1.638,215,799,97939,160420,0,0,10,11
168,s09-7v7-lmctf09,Wizard[SG],attack,1.884,213,798,95410,179759,0,0,19,16
168,s10-5v1-smap05,Arach[SG],defend,2.113,4,745,1567,3310,0,0,3,0
168,s10-5v1-smap05,Caco[SG],recover,1.899,175,773,73579,139707,0,0,3,9
168,s10-5v1-smap05,Rune[SG],attack,1.600,202,800,61493,98386,0,0,1,0
168,s10-5v1-smap05,Slip[SG],attack,1.509,208,904,74325,112189,2,0,1,2
168,s10-5v1-smap05,Gate[SG],attack,1.748,209,779,74323,129941,1,1,2,0
168,s10-5v1-smap05,Phase[SG],attack,1.445,183,794,72655,104986,2,1,1,1
169,s01-2v2-lmctf03,Arach[SG],defend,1.104,29,764,13790,15218,0,0,0,0
169,s01-2v2-lmctf03,Caco[SG],defend,0.189,249,777,10874,2055,0,0,0,0
169,s01-2v2-lmctf03,Rune[SG],attack,1.015,131,749,57032,57910,0,0,0,3
169,s01-2v2-lmctf03,Slip[SG],attack,1.655,143,779,61706,102119,0,0,3,0
169,s02-2v2-lmctf03,Arach[SG],defend,0.997,103,777,49437,49300,0,0,2,0
169,s02-2v2-lmctf03,Caco[SG],defend,0.189,249,777,10896,2055,0,0,0,0
169,s02-2v2-lmctf03,Rune[SG],attack,1.270,154,797,65746,83466,0,0,0,0
169,s02-2v2-lmctf03,Slip[SG],attack,1.278,197,783,70795,90465,0,0,0,2
169,s03-5v5-lmctf22,Arach[SG],defend,1.257,136,764,32299,40601,0,0,1,7
169,s03-5v5-lmctf22,Caco[SG],defend,1.267,152,782,34004,43073,0,0,2,4
169,s03-5v5-lmctf22,Rune[SG],defend,1.267,242,781,45282,57371,0,0,2,5
169,s03-5v5-lmctf22,Slip[SG],defend,1.545,249,784,74968,115803,0,0,2,6
169,s03-5v5-lmctf22,Gate[SG],attack,1.405,228,779,93697,131621,1,0,14,7
169,s03-5v5-lmctf22,Phase[SG],attack,1.352,227,796,92244,124685,1,0,5,5
169,s03-5v5-lmctf22,Field[SG],attack,1.626,227,837,91095,148117,0,0,3,5
169,s03-5v5-lmctf22,Trace[SG],attack,1.294,210,803,84554,109455,1,1,9,5
169,s03-5v5-lmctf22,Vore[SG],attack,1.652,237,794,98179,162180,1,0,14,3
169,s03-5v5-lmctf22,Fiend[SG],attack,1.679,232,782,99404,166919,0,0,8,13
169,s04-5v5-lmctf02c,Arach[SG],defend,1.615,154,775,74034,119569,0,0,2,0
169,s04-5v5-lmctf02c,Caco[SG],defend,1.571,229,758,103985,163337,0,0,1,1
169,s04-5v5-lmctf02c,Rune[SG],defend,1.155,238,799,102127,117963,0,0,1,0
169,s04-5v5-lmctf02c,Slip[SG],defend,1.392,248,801,101094,140762,0,0,0,2
169,s04-5v5-lmctf02c,Gate[SG],attack,1.701,234,812,99016,168437,0,0,4,7
169,s04-5v5-lmctf02c,Phase[SG],attack,1.775,227,796,98174,174261,1,0,5,5
169,s04-5v5-lmctf02c,Field[SG],attack,2.016,211,806,94817,191120,0,0,8,6
169,s04-5v5-lmctf02c,Trace[SG],attack,1.449,216,807,106694,154613,0,0,7,6
169,s04-5v5-lmctf02c,Vore[SG],attack,1.790,213,806,95462,170859,0,0,3,5
169,s04-5v5-lmctf02c,Fiend[SG],attack,1.669,225,806,92559,154440,0,0,6,5
169,s05-5v5-mactf06,Arach[SG],defend,0.900,164,769,21283,19157,0,0,2,4
169,s05-5v5-mactf06,Caco[SG],defend,0.900,237,790,42208,37981,0,0,5,3
169,s05-5v5-mactf06,Rune[SG],defend,0.876,230,743,19997,17515,0,0,5,1
169,s05-5v5-mactf06,Slip[SG],defend,0.538,244,728,14468,7791,0,0,1,2
169,s05-5v5-mactf06,Gate[SG],attack,1.443,222,778,98622,142274,0,0,5,6
169,s05-5v5-mactf06,Phase[SG],attack,1.394,222,778,100117,139524,0,0,16,4
169,s05-5v5-mactf06,Field[SG],attack,1.488,238,912,106372,158276,0,0,5,9
169,s05-5v5-mactf06,Trace[SG],attack,1.195,226,778,95836,114492,0,0,9,5
169,s05-5v5-mactf06,Vore[SG],attack,1.451,238,784,104795,152020,0,0,3,14
169,s05-5v5-mactf06,Fiend[SG],attack,1.504,245,788,104197,156673,0,0,5,9
169,s06-5v5-lmctf05,Arach[SG],defend,0.627,34,718,7652,4800,0,0,2,0
169,s06-5v5-lmctf05,Caco[SG],defend,1.159,104,767,36593,42419,0,0,0,1
169,s06-5v5-lmctf05,Rune[SG],defend,1.858,203,797,69550,129190,0,0,3,6
169,s06-5v5-lmctf05,Slip[SG],defend,1.730,193,779,83007,143596,0,0,3,8
169,s06-5v5-lmctf05,Gate[SG],attack,1.599,155,785,80713,129034,2,0,13,4
169,s06-5v5-lmctf05,Phase[SG],attack,2.628,134,766,68207,179254,1,0,2,4
169,s06-5v5-lmctf05,Field[SG],attack,1.845,177,764,78469,144768,0,0,4,5
169,s06-5v5-lmctf05,Trace[SG],attack,2.585,129,781,67693,174977,0,0,9,4
169,s06-5v5-lmctf05,Vore[SG],attack,2.237,184,788,64317,143848,0,0,7,7
169,s06-5v5-lmctf05,Fiend[SG],attack,2.193,147,774,73608,161458,0,0,4,8
169,s07-5v5-lmctf01,Arach[SG],defend,1.256,1,285,1190,1495,0,0,2,0
169,s07-5v5-lmctf01,Caco[SG],defend,1.831,122,787,18092,33119,0,0,2,0
169,s07-5v5-lmctf01,Rune[SG],defend,0.560,224,336,31453,17600,0,0,2,0
169,s07-5v5-lmctf01,Slip[SG],defend,0.664,222,706,37531,24915,0,0,0,0
169,s07-5v5-lmctf01,Gate[SG],attack,1.326,197,799,81798,108461,0,0,2,3
169,s07-5v5-lmctf01,Phase[SG],attack,1.193,192,802,83872,100067,0,0,3,2
169,s07-5v5-lmctf01,Field[SG],attack,1.586,129,774,58728,93123,0,0,1,6
169,s07-5v5-lmctf01,Trace[SG],attack,1.495,184,780,82777,123737,0,0,3,5
169,s07-5v5-lmctf01,Vore[SG],attack,1.270,161,790,71258,90496,0,0,2,2
169,s07-5v5-lmctf01,Fiend[SG],attack,1.312,161,786,76996,101055,0,0,5,5
169,s08-7v7-lmctf09,Arach[SG],defend,1.101,11,747,5969,6575,0,0,7,0
169,s08-7v7-lmctf09,Caco[SG],defend,1.182,56,758,16360,19340,0,0,2,5
169,s08-7v7-lmctf09,Rune[SG],defend,1.466,221,732,58309,85462,0,0,9,3
169,s08-7v7-lmctf09,Slip[SG],defend,1.369,220,805,36927,50560,0,0,1,7
169,s08-7v7-lmctf09,Gate[SG],attack,1.769,221,799,103471,183040,0,0,15,13
169,s08-7v7-lmctf09,Phase[SG],attack,1.634,200,796,98217,160490,0,0,14,7
169,s08-7v7-lmctf09,Field[SG],attack,1.738,215,803,99360,172642,1,0,5,11
169,s08-7v7-lmctf09,Trace[SG],attack,1.516,216,781,100628,152596,1,0,11,10
169,s08-7v7-lmctf09,Vore[SG],attack,1.819,222,799,95704,174121,0,0,8,17
169,s08-7v7-lmctf09,Fiend[SG],attack,1.815,216,801,97796,177523,0,0,15,9
169,s08-7v7-lmctf09,Scrag[SG],attack,1.951,225,799,103179,201336,1,0,18,6
169,s08-7v7-lmctf09,Ogre[SG],attack,1.864,203,799,98359,183342,0,0,8,14
169,s08-7v7-lmctf09,Knight[SG],attack,1.868,223,797,96036,179367,1,0,13,20
169,s08-7v7-lmctf09,Wizard[SG],attack,1.834,227,797,95572,175239,0,0,10,16
169,s09-7v7-lmctf09,Arach[SG],defend,1.252,54,775,24212,30319,0,0,6,8
169,s09-7v7-lmctf09,Caco[SG],defend,1.414,27,556,9382,13262,0,0,9,2
169,s09-7v7-lmctf09,Rune[SG],defend,1.562,208,799,70536,110196,0,0,3,11
169,s09-7v7-lmctf09,Slip[SG],defend,1.117,198,770,39118,43680,0,0,3,2
169,s09-7v7-lmctf09,Gate[SG],attack,2.070,196,809,95705,198132,0,0,11,15
169,s09-7v7-lmctf09,Phase[SG],attack,1.479,185,775,84136,124438,0,0,10,8
169,s09-7v7-lmctf09,Field[SG],attack,1.643,195,799,87380,143584,0,0,13,6
169,s09-7v7-lmctf09,Trace[SG],attack,1.674,238,809,58773,98367,0,0,3,4
169,s09-7v7-lmctf09,Vore[SG],attack,2.063,228,781,103837,214212,0,0,19,11
169,s09-7v7-lmctf09,Fiend[SG],attack,1.908,195,983,90414,172477,1,0,6,6
169,s09-7v7-lmctf09,Scrag[SG],attack,1.791,212,808,92342,165400,2,0,10,17
169,s09-7v7-lmctf09,Ogre[SG],attack,1.515,226,802,97206,147303,0,0,8,9
169,s09-7v7-lmctf09,Knight[SG],attack,1.787,207,809,93773,167609,0,0,10,11
169,s09-7v7-lmctf09,Wizard[SG],attack,1.850,213,802,99126,183355,0,0,7,9
169,s10-5v1-smap05,Arach[SG],defend,1.745,20,763,9645,16835,0,0,1,0
169,s10-5v1-smap05,Caco[SG],recover,2.021,206,796,96063,194146,1,0,10,18
169,s10-5v1-smap05,Rune[SG],defend,1.627,204,800,74502,121220,0,0,4,2
169,s10-5v1-smap05,Slip[SG],attack,1.655,218,1100,86777,143596,2,1,7,4
169,s10-5v1-smap05,Gate[SG],attack,1.765,178,782,66057,116614,2,1,0,1
169,s10-5v1-smap05,Phase[SG],attack,1.888,183,808,78014,147315,1,0,6,3
170,s01-2v2-lmctf03,Arach[SG],defend,0.501,219,778,87108,43601,0,0,0,0
170,s01-2v2-lmctf03,Caco[SG],defend,0.809,40,777,2817,2280,0,0,0,0
170,s01-2v2-lmctf03,Rune[SG],attack,1.696,174,775,50263,85269,1,0,0,0
170,s01-2v2-lmctf03,Slip[SG],attack,1.480,150,779,57125,84542,0,0,0,0
170,s02-2v2-lmctf03,Arach[SG],defend,1.122,49,774,23127,25956,0,0,0,0
170,s02-2v2-lmctf03,Caco[SG],defend,1.084,156,777,17489,18963,0,0,0,0
170,s02-2v2-lmctf03,Rune[SG],attack,1.412,147,776,59390,83859,0,0,0,0
170,s02-2v2-lmctf03,Slip[SG],attack,0.603,234,799,75844,45746,0,0,0,0
170,s03-5v5-lmctf22,Arach[SG],defend,1.199,95,755,24539,29424,0,0,3,1
170,s03-5v5-lmctf22,Caco[SG],defend,0.971,235,779,34018,33046,0,0,7,0
170,s03-5v5-lmctf22,Rune[SG],defend,0.896,223,781,43951,39360,0,0,1,6
170,s03-5v5-lmctf22,Slip[SG],defend,0.918,212,769,52561,48263,0,0,3,3
170,s03-5v5-lmctf22,Gate[SG],attack,0.989,188,788,77137,76270,0,0,1,3
170,s03-5v5-lmctf22,Phase[SG],attack,1.360,218,790,87595,119107,0,0,4,15
170,s03-5v5-lmctf22,Field[SG],attack,1.413,247,778,101067,142849,1,1,18,0
170,s03-5v5-lmctf22,Trace[SG],attack,1.387,234,879,97641,135456,1,0,9,12
170,s03-5v5-lmctf22,Vore[SG],attack,1.369,250,789,102863,140794,1,0,0,6
170,s03-5v5-lmctf22,Fiend[SG],attack,1.454,237,794,102988,149733,0,0,9,9
170,s04-5v5-lmctf02c,Arach[SG],defend,1.392,106,704,47374,65940,0,0,1,1
170,s04-5v5-lmctf02c,Caco[SG],defend,1.603,227,808,111187,178237,0,0,1,1
170,s04-5v5-lmctf02c,Rune[SG],defend,1.307,247,799,117002,152958,0,0,1,0
170,s04-5v5-lmctf02c,Slip[SG],defend,1.171,231,780,83119,97292,0,0,3,0
170,s04-5v5-lmctf02c,Gate[SG],attack,1.826,224,806,98442,179753,0,0,3,4
170,s04-5v5-lmctf02c,Phase[SG],attack,1.632,229,800,113436,185114,0,0,3,5
170,s04-5v5-lmctf02c,Field[SG],attack,1.705,220,788,97476,166181,0,0,3,7
170,s04-5v5-lmctf02c,Trace[SG],attack,1.460,200,786,94631,138160,0,0,5,6
170,s04-5v5-lmctf02c,Vore[SG],attack,1.665,200,806,95230,158555,0,0,5,4
170,s04-5v5-lmctf02c,Fiend[SG],attack,0.981,240,776,91707,90006,1,0,4,1
170,s05-5v5-mactf06,Arach[SG],defend,0.848,148,775,12213,10357,0,0,4,1
170,s05-5v5-mactf06,Caco[SG],defend,1.437,224,763,42614,61226,0,0,4,6
170,s05-5v5-mactf06,Rune[SG],defend,1.024,236,769,17683,18105,0,0,6,2
170,s05-5v5-mactf06,Slip[SG],defend,1.052,240,772,39962,42047,0,0,1,3
170,s05-5v5-mactf06,Gate[SG],attack,1.438,230,799,93735,134814,0,0,21,9
170,s05-5v5-mactf06,Phase[SG],attack,1.329,218,800,101210,134501,1,0,18,16
170,s05-5v5-mactf06,Field[SG],attack,1.521,242,800,105713,160765,0,0,8,17
170,s05-5v5-mactf06,Trace[SG],attack,1.484,228,780,100192,148700,0,0,5,6
170,s05-5v5-mactf06,Vore[SG],attack,1.392,241,800,98772,137512,0,0,9,13
170,s05-5v5-mactf06,Fiend[SG],attack,1.261,226,800,86107,108593,0,0,10,15
170,s06-5v5-lmctf05,Arach[SG],defend,1.370,113,757,48315,66194,0,0,4,2
170,s06-5v5-lmctf05,Rune[SG],defend,1.142,175,775,59529,68001,0,0,1,2
170,s06-5v5-lmctf05,Slip[SG],defend,1.112,233,791,84551,94036,0,0,2,4
170,s06-5v5-lmctf05,Gate[SG],attack,2.311,121,799,62251,143843,1,0,2,5
170,s06-5v5-lmctf05,Phase[SG],attack,1.531,131,781,61411,93994,0,0,1,2
170,s06-5v5-lmctf05,Field[SG],attack,1.639,188,775,76455,125321,0,0,6,4
170,s06-5v5-lmctf05,Trace[SG],attack,1.934,135,761,68509,132478,1,0,9,5
170,s06-5v5-lmctf05,Vore[SG],attack,1.874,165,771,71302,133633,0,0,6,3
170,s06-5v5-lmctf05,Fiend[SG],attack,1.877,177,777,62252,116838,1,0,2,6
170,s07-5v5-lmctf01,Arach[SG],defend,1.256,1,285,1190,1495,0,0,6,0
170,s07-5v5-lmctf01,Caco[SG],defend,0.889,94,766,20394,18121,0,0,0,2
170,s07-5v5-lmctf01,Rune[SG],defend,0.632,225,752,38666,24450,0,0,0,0
170,s07-5v5-lmctf01,Slip[SG],defend,0.740,217,751,56648,41948,0,0,4,2
170,s07-5v5-lmctf01,Gate[SG],attack,1.111,218,777,94008,104449,0,0,2,6
170,s07-5v5-lmctf01,Phase[SG],attack,1.200,216,802,93802,112585,1,0,5,3
170,s07-5v5-lmctf01,Field[SG],attack,1.489,155,782,69154,102983,0,0,6,3
170,s07-5v5-lmctf01,Trace[SG],attack,1.664,189,793,83716,139342,0,0,4,6
170,s07-5v5-lmctf01,Vore[SG],attack,1.333,163,788,77592,103449,0,0,1,4
170,s07-5v5-lmctf01,Fiend[SG],attack,1.341,163,815,67425,90449,0,0,4,6
170,s08-7v7-lmctf09,Arach[SG],defend,1.573,46,809,20430,32130,0,0,8,3
170,s08-7v7-lmctf09,Caco[SG],defend,1.180,68,775,25346,29904,0,0,5,4
170,s08-7v7-lmctf09,Rune[SG],defend,1.423,193,809,73700,104882,0,0,4,2
170,s08-7v7-lmctf09,Slip[SG],defend,1.239,154,784,62568,77490,0,0,2,7
170,s08-7v7-lmctf09,Gate[SG],attack,1.647,195,800,89268,147040,0,0,8,13
170,s08-7v7-lmctf09,Phase[SG],attack,1.524,193,799,91409,139346,0,0,9,7
170,s08-7v7-lmctf09,Field[SG],attack,1.755,224,798,100733,176825,0,0,11,16
170,s08-7v7-lmctf09,Trace[SG],attack,1.481,176,809,86721,128430,0,0,12,10
170,s08-7v7-lmctf09,Vore[SG],attack,1.679,205,785,97055,162940,1,0,10,8
170,s08-7v7-lmctf09,Fiend[SG],attack,1.627,186,809,88904,144614,1,0,6,13
170,s08-7v7-lmctf09,Scrag[SG],attack,1.758,218,805,96572,169776,1,0,15,15
170,s08-7v7-lmctf09,Ogre[SG],attack,1.547,207,786,94508,146220,0,0,12,9
170,s08-7v7-lmctf09,Knight[SG],attack,1.542,196,792,89645,138253,0,0,7,9
170,s08-7v7-lmctf09,Wizard[SG],attack,1.612,220,788,103699,167208,0,0,15,9
170,s09-7v7-lmctf09,Arach[SG],defend,1.626,39,773,19672,31994,0,0,4,4
170,s09-7v7-lmctf09,Caco[SG],defend,1.310,108,769,35683,46744,0,0,7,5
170,s09-7v7-lmctf09,Rune[SG],defend,1.132,209,760,68616,77696,0,0,8,1
170,s09-7v7-lmctf09,Slip[SG],defend,1.508,133,779,47455,71539,0,0,2,7
170,s09-7v7-lmctf09,Gate[SG],attack,1.615,216,779,98318,158737,1,0,6,9
170,s09-7v7-lmctf09,Phase[SG],attack,1.652,205,786,88104,145552,2,0,13,5
170,s09-7v7-lmctf09,Field[SG],attack,1.815,227,798,97670,177244,0,0,7,7
170,s09-7v7-lmctf09,Trace[SG],attack,1.581,218,795,100676,159168,0,0,5,8
170,s09-7v7-lmctf09,Vore[SG],attack,1.628,210,800,97832,159243,0,0,13,14
170,s09-7v7-lmctf09,Fiend[SG],attack,1.635,234,807,99336,162440,0,0,9,8
170,s09-7v7-lmctf09,Scrag[SG],attack,1.635,217,799,94853,155115,0,0,15,9
170,s09-7v7-lmctf09,Ogre[SG],attack,1.517,215,805,99075,150258,0,0,7,3
170,s09-7v7-lmctf09,Knight[SG],attack,1.758,213,790,97752,171859,2,0,2,15
170,s09-7v7-lmctf09,Wizard[SG],attack,1.736,196,810,84883,147324,1,0,6,9
170,s10-5v1-smap05,Arach[SG],defend,1.798,21,745,8712,15667,0,0,2,1
170,s10-5v1-smap05,Caco[SG],attack,1.155,181,789,72445,83709,0,0,1,5
170,s10-5v1-smap05,Rune[SG],defend,0.455,232,782,59993,27310,0,0,1,0
170,s10-5v1-smap05,Slip[SG],attack,0.690,231,749,46542,32135,0,0,0,0
170,s10-5v1-smap05,Gate[SG],attack,0.679,225,762,41613,28260,0,0,1,0
170,s10-5v1-smap05,Phase[SG],attack,0.680,234,794,47774,32485,0,0,1,0
171,s01-2v2-lmctf03,Arach[SG],defend,1.069,73,777,34655,37050,0,0,0,0
171,s01-2v2-lmctf03,Caco[SG],defend,0.189,249,777,10874,2055,0,0,0,0
171,s01-2v2-lmctf03,Rune[SG],attack,0.826,148,749,57861,47775,0,0,0,0
171,s01-2v2-lmctf03,Slip[SG],attack,1.590,187,835,64711,102860,0,0,0,0
171,s02-2v2-lmctf03,Arach[SG],defend,1.164,2,749,1331,1550,0,0,0,0
171,s02-2v2-lmctf03,Caco[SG],defend,0.189,249,777,10869,2055,0,0,0,0
171,s02-2v2-lmctf03,Rune[SG],attack,1.497,174,781,65773,98483,0,0,2,1
171,s02-2v2-lmctf03,Slip[SG],attack,1.302,165,779,61907,80592,0,0,1,2
171,s03-5v5-lmctf22,Arach[SG],defend,0.564,243,770,23864,13450,0,0,2,1
171,s03-5v5-lmctf22,Caco[SG],defend,1.270,191,790,55907,71016,0,0,1,3
171,s03-5v5-lmctf22,Rune[SG],defend,0.661,202,777,39938,26416,0,0,7,1
171,s03-5v5-lmctf22,Slip[SG],defend,1.086,245,800,49859,54128,0,0,2,4
171,s03-5v5-lmctf22,Gate[SG],attack,1.213,218,788,90364,109638,0,0,7,3
171,s03-5v5-lmctf22,Phase[SG],attack,1.437,232,792,101135,145291,0,0,13,5
171,s03-5v5-lmctf22,Field[SG],attack,1.320,235,847,92711,122381,0,0,6,7
171,s03-5v5-lmctf22,Trace[SG],attack,1.516,237,796,105362,159705,0,0,9,12
171,s03-5v5-lmctf22,Vore[SG],attack,1.249,228,783,98170,122574,1,0,4,9
171,s03-5v5-lmctf22,Fiend[SG],attack,1.538,237,862,101256,155766,0,0,9,15
171,s04-5v5-lmctf02c,Arach[SG],defend,1.443,232,753,115848,167178,0,0,1,0
171,s04-5v5-lmctf02c,Caco[SG],defend,1.237,86,787,35430,43822,0,0,0,0
171,s04-5v5-lmctf02c,Rune[SG],defend,1.297,233,785,106666,138351,0,0,4,0
171,s04-5v5-lmctf02c,Slip[SG],defend,1.430,225,796,79386,113501,0,0,0,0
171,s04-5v5-lmctf02c,Gate[SG],attack,1.687,226,800,93487,157727,0,0,1,5
171,s04-5v5-lmctf02c,Phase[SG],attack,2.659,215,771,86260,229372,0,0,12,3
171,s04-5v5-lmctf02c,Field[SG],attack,2.139,199,806,94992,203154,0,0,3,7
171,s04-5v5-lmctf02c,Trace[SG],attack,1.925,212,786,102278,196897,0,0,4,2
171,s04-5v5-lmctf02c,Vore[SG],attack,1.654,210,781,92580,153165,0,0,2,7
171,s04-5v5-lmctf02c,Fiend[SG],attack,1.842,227,799,94127,173400,0,0,5,8
171,s05-5v5-mactf06,Arach[SG],defend,0.217,82,612,5310,1150,0,0,3,1
171,s05-5v5-mactf06,Caco[SG],defend,0.913,250,762,29193,26641,0,0,5,3
171,s05-5v5-mactf06,Rune[SG],defend,0.904,240,769,35844,32388,0,0,4,3
171,s05-5v5-mactf06,Slip[SG],defend,0.491,234,768,35760,17569,0,0,6,2
171,s05-5v5-mactf06,Gate[SG],attack,1.480,236,800,105087,155526,0,0,4,9
171,s05-5v5-mactf06,Phase[SG],attack,1.281,227,780,102844,131713,0,0,11,9
171,s05-5v5-mactf06,Field[SG],attack,1.454,245,783,98342,142948,0,0,4,6
171,s05-5v5-mactf06,Trace[SG],attack,1.457,239,800,97327,141768,0,0,5,7
171,s05-5v5-mactf06,Vore[SG],attack,1.476,229,800,91758,135457,0,0,7,6
171,s05-5v5-mactf06,Fiend[SG],attack,1.437,215,800,96797,139103,0,0,6,10
171,s06-5v5-lmctf05,Arach[SG],defend,1.871,143,779,47434,88769,0,0,6,3
171,s06-5v5-lmctf05,Caco[SG],defend,1.193,126,782,49043,58523,0,0,0,3
171,s06-5v5-lmctf05,Rune[SG],defend,1.276,191,774,63453,80964,0,0,6,5
171,s06-5v5-lmctf05,Slip[SG],defend,0.972,203,781,83248,80911,0,0,1,4
171,s06-5v5-lmctf05,Gate[SG],attack,1.727,168,779,85610,147865,0,0,8,9
171,s06-5v5-lmctf05,Phase[SG],attack,1.691,176,775,24163,40867,1,0,3,2
171,s06-5v5-lmctf05,Field[SG],attack,1.583,150,777,74306,117641,0,0,8,9
171,s06-5v5-lmctf05,Trace[SG],attack,1.717,176,774,63905,109702,1,0,5,8
171,s06-5v5-lmctf05,Vore[SG],attack,1.811,132,757,44254,80127,0,0,10,6
171,s06-5v5-lmctf05,Fiend[SG],attack,1.881,150,770,68687,129209,0,0,8,6
171,s07-5v5-lmctf01,Arach[SG],defend,1.237,1,285,1209,1495,0,0,4,0
171,s07-5v5-lmctf01,Caco[SG],defend,0.992,97,768,19614,19458,0,0,1,3
171,s07-5v5-lmctf01,Rune[SG],defend,1.423,185,762,46527,66223,0,0,6,2
171,s07-5v5-lmctf01,Slip[SG],defend,1.005,222,798,76410,76773,0,0,4,10
171,s07-5v5-lmctf01,Gate[SG],attack,1.795,199,796,87466,156973,0,0,3,4
171,s07-5v5-lmctf01,Phase[SG],attack,1.307,212,802,92237,120518,2,0,11,3
171,s07-5v5-lmctf01,Field[SG],attack,1.770,113,771,43042,76169,0,0,0,1
171,s07-5v5-lmctf01,Trace[SG],attack,1.371,192,772,88106,120795,0,0,2,1
171,s07-5v5-lmctf01,Vore[SG],attack,1.077,183,808,81873,88149,0,0,4,7
171,s07-5v5-lmctf01,Fiend[SG],attack,1.339,179,800,82444,110399,0,0,1,6
171,s08-7v7-lmctf09,Arach[SG],defend,0.772,32,469,12015,9275,0,0,10,1
171,s08-7v7-lmctf09,Caco[SG],defend,1.042,15,773,4941,5150,0,0,5,0
171,s08-7v7-lmctf09,Rune[SG],defend,0.979,192,761,51952,50877,0,0,0,2
171,s08-7v7-lmctf09,Slip[SG],defend,1.220,212,774,34251,41781,0,0,4,0
171,s08-7v7-lmctf09,Gate[SG],attack,1.446,221,793,103246,149259,0,0,8,10
171,s08-7v7-lmctf09,Phase[SG],attack,1.688,205,788,102458,172959,1,0,14,12
171,s08-7v7-lmctf09,Field[SG],attack,1.694,218,787,98940,167611,0,0,11,19
171,s08-7v7-lmctf09,Trace[SG],attack,1.705,227,798,103480,176393,0,0,10,10
171,s08-7v7-lmctf09,Vore[SG],attack,1.716,205,800,93253,160057,1,0,6,12
171,s08-7v7-lmctf09,Fiend[SG],attack,1.549,200,779,93647,145030,0,0,13,11
171,s08-7v7-lmctf09,Scrag[SG],attack,1.897,224,800,104812,198785,0,0,11,8
171,s08-7v7-lmctf09,Ogre[SG],attack,1.553,195,796,90526,140553,1,0,10,14
171,s08-7v7-lmctf09,Knight[SG],attack,1.643,194,787,90433,148572,1,0,11,9
171,s08-7v7-lmctf09,Wizard[SG],attack,1.717,219,798,92646,159052,1,0,7,12
171,s09-7v7-lmctf09,Arach[SG],defend,0.879,28,401,10066,8850,0,0,5,1
171,s09-7v7-lmctf09,Caco[SG],defend,1.390,119,775,46429,64535,0,0,3,10
171,s09-7v7-lmctf09,Rune[SG],defend,1.272,208,706,83105,105716,0,0,2,3
171,s09-7v7-lmctf09,Slip[SG],defend,1.538,163,791,75324,115860,0,0,2,6
171,s09-7v7-lmctf09,Gate[SG],attack,1.521,226,784,101552,154488,1,0,17,5
171,s09-7v7-lmctf09,Phase[SG],attack,1.482,224,796,97111,143890,1,0,16,9
171,s09-7v7-lmctf09,Field[SG],attack,1.678,194,799,96143,161306,0,0,9,8
171,s09-7v7-lmctf09,Trace[SG],attack,1.466,203,799,93698,137340,0,0,6,14
171,s09-7v7-lmctf09,Vore[SG],attack,1.435,205,807,91827,131773,0,0,6,12
171,s09-7v7-lmctf09,Fiend[SG],attack,1.593,213,800,93257,148564,0,0,7,7
171,s09-7v7-lmctf09,Scrag[SG],attack,1.577,228,786,90293,142414,1,0,8,9
171,s09-7v7-lmctf09,Ogre[SG],attack,1.754,211,792,89888,157665,0,0,9,9
171,s09-7v7-lmctf09,Knight[SG],attack,1.629,236,806,98654,160741,0,0,13,9
171,s09-7v7-lmctf09,Wizard[SG],attack,1.472,214,789,98132,144486,0,0,6,7
171,s10-5v1-smap05,Arach[SG],defend,1.314,28,745,11666,15334,0,0,0,1
171,s10-5v1-smap05,Caco[SG],recover,1.191,213,1100,103424,123165,1,0,6,9
171,s10-5v1-smap05,Rune[SG],attack,0.998,187,778,63760,63646,0,0,3,2
171,s10-5v1-smap05,Slip[SG],attack,1.133,185,778,63278,71674,0,0,1,1
171,s10-5v1-smap05,Gate[SG],attack,1.227,190,789,63922,78429,0,0,0,1
171,s10-5v1-smap05,Phase[SG],carry,1.359,224,795,75893,103154,3,0,5,1
172,s01-2v2-lmctf03,Arach[SG],defend,0.410,134,795,51281,21025,0,0,0,0
172,s01-2v2-lmctf03,Caco[SG],defend,0.805,159,777,22948,18466,0,0,0,1
172,s01-2v2-lmctf03,Rune[SG],attack,1.306,197,791,86227,112593,1,0,1,1
172,s01-2v2-lmctf03,Slip[SG],attack,1.240,179,779,65149,80786,1,0,1,0
172,s02-2v2-lmctf03,Arach[SG],defend,1.164,2,749,1331,1550,0,0,0,0
172,s02-2v2-lmctf03,Caco[SG],defend,1.295,68,777,10770,13945,0,0,0,1
172,s02-2v2-lmctf03,Rune[SG],attack,1.583,186,778,54728,86632,0,0,1,1
172,s02-2v2-lmctf03,Slip[SG],attack,0.561,248,779,95191,53423,0,0,1,0
172,s03-5v5-lmctf22,Arach[SG],defend,1.080,62,740,13882,14994,0,0,5,2
172,s03-5v5-lmctf22,Caco[SG],defend,1.097,213,781,34745,38128,0,0,2,3
172,s03-5v5-lmctf22,Rune[SG],defend,0.990,203,774,64247,63594,0,0,3,5
172,s03-5v5-lmctf22,Slip[SG],defend,0.976,222,775,58157,56767,0,0,1,5
172,s03-5v5-lmctf22,Gate[SG],attack,0.910,183,775,79772,72596,0,0,2,4
172,s03-5v5-lmctf22,Phase[SG],attack,1.497,219,820,87008,130241,1,0,12,5
172,s03-5v5-lmctf22,Field[SG],attack,1.475,217,779,102911,151788,1,0,9,8
172,s03-5v5-lmctf22,Trace[SG],attack,1.313,240,783,101201,132922,2,0,12,7
172,s03-5v5-lmctf22,Vore[SG],attack,1.379,232,789,98960,136419,2,0,5,9
172,s03-5v5-lmctf22,Fiend[SG],attack,1.332,231,805,90857,121064,1,0,6,9
172,s04-5v5-lmctf02c,Arach[SG],defend,1.045,55,765,26417,27600,0,0,2,0
172,s04-5v5-lmctf02c,Caco[SG],defend,1.882,221,794,113663,213943,0,0,2,5
172,s04-5v5-lmctf02c,Rune[SG],defend,1.486,224,783,96189,142903,0,0,4,2
172,s04-5v5-lmctf02c,Slip[SG],defend,1.276,236,778,85201,108738,0,0,0,1
172,s04-5v5-lmctf02c,Gate[SG],attack,2.219,224,783,109748,243523,0,0,2,6
172,s04-5v5-lmctf02c,Phase[SG],attack,1.835,213,768,101686,186609,0,0,14,7
172,s04-5v5-lmctf02c,Field[SG],attack,1.836,212,784,100890,185250,0,0,8,13
172,s04-5v5-lmctf02c,Trace[SG],attack,2.009,217,799,101783,204514,0,0,7,2
172,s04-5v5-lmctf02c,Vore[SG],attack,1.910,209,800,105411,201340,0,0,4,8
172,s04-5v5-lmctf02c,Fiend[SG],attack,1.636,211,792,94359,154355,0,0,3,2
172,s05-5v5-mactf06,Arach[SG],defend,0.097,248,612,12859,1250,0,0,1,1
172,s05-5v5-mactf06,Caco[SG],defend,1.481,222,701,19272,28534,0,0,1,0
172,s05-5v5-mactf06,Rune[SG],defend,0.072,258,308,2086,150,0,0,1,0
172,s05-5v5-mactf06,Slip[SG],defend,0.768,248,773,22971,17653,0,0,5,0
172,s05-5v5-mactf06,Gate[SG],attack,1.225,233,779,97945,120031,0,0,1,5
172,s05-5v5-mactf06,Phase[SG],attack,1.299,226,800,102714,133463,0,0,11,7
172,s05-5v5-mactf06,Field[SG],attack,1.346,236,788,102252,137671,0,0,3,10
172,s05-5v5-mactf06,Trace[SG],attack,1.382,221,795,99133,136970,0,0,10,10
172,s05-5v5-mactf06,Vore[SG],attack,1.468,221,779,97220,142737,0,0,6,6
172,s05-5v5-mactf06,Fiend[SG],attack,1.387,252,800,106954,148340,0,0,8,8
172,s06-5v5-lmctf05,Arach[SG],defend,0.833,81,771,17709,14746,0,0,1,0
172,s06-5v5-lmctf05,Caco[SG],defend,1.448,132,734,24039,34819,0,0,0,2
172,s06-5v5-lmctf05,Rune[SG],defend,1.319,208,783,64878,85586,0,0,4,2
172,s06-5v5-lmctf05,Slip[SG],defend,1.197,175,792,78780,94339,0,0,4,7
172,s06-5v5-lmctf05,Gate[SG],attack,1.577,141,758,67937,107169,0,0,4,3
172,s06-5v5-lmctf05,Phase[SG],attack,1.698,175,769,88533,150349,1,0,3,3
172,s06-5v5-lmctf05,Field[SG],attack,2.685,116,776,61235,164418,0,0,4,3
172,s06-5v5-lmctf05,Trace[SG],attack,1.808,171,753,74557,134783,0,0,7,6
172,s06-5v5-lmctf05,Vore[SG],attack,2.167,140,781,66988,145183,0,0,2,4
172,s06-5v5-lmctf05,Fiend[SG],attack,1.605,137,748,63402,101767,0,0,4,3
172,s07-5v5-lmctf01,Arach[SG],defend,1.212,72,788,31483,38145,0,0,4,0
172,s07-5v5-lmctf01,Caco[SG],defend,0.089,220,294,10612,946,0,0,0,0
172,s07-5v5-lmctf01,Rune[SG],defend,0.520,222,719,34636,18000,0,0,2,0
172,s07-5v5-lmctf01,Slip[SG],defend,0.618,223,777,42452,26240,0,0,1,0
172,s07-5v5-lmctf01,Gate[SG],attack,1.680,178,777,80877,135870,0,0,3,0
172,s07-5v5-lmctf01,Phase[SG],attack,1.382,174,802,82959,114628,0,0,1,1
172,s07-5v5-lmctf01,Field[SG],attack,1.672,160,788,70140,117244,1,0,0,4
172,s07-5v5-lmctf01,Trace[SG],attack,1.493,171,772,76523,114258,0,0,3,0
172,s07-5v5-lmctf01,Vore[SG],attack,1.208,163,800,71586,86498,0,0,0,6
172,s07-5v5-lmctf01,Fiend[SG],attack,1.378,135,784,58148,80140,0,0,0,4
172,s08-7v7-lmctf09,Arach[SG],defend,1.892,32,773,15923,30127,0,0,2,0
172,s08-7v7-lmctf09,Caco[SG],defend,1.427,52,809,21376,30504,0,0,0,4
172,s08-7v7-lmctf09,Rune[SG],defend,1.132,229,751,67575,76528,0,0,4,6
172,s08-7v7-lmctf09,Slip[SG],defend,0.904,204,770,49893,45090,0,0,4,5
172,s08-7v7-lmctf09,Gate[SG],attack,1.553,223,799,102219,158782,0,0,11,6
172,s08-7v7-lmctf09,Phase[SG],attack,1.840,178,779,90415,166330,0,0,3,7
172,s08-7v7-lmctf09,Field[SG],attack,1.598,239,794,111258,177815,0,0,9,14
172,s08-7v7-lmctf09,Trace[SG],attack,1.712,231,800,104894,179616,0,0,9,15
172,s08-7v7-lmctf09,Vore[SG],attack,1.875,230,1031,105584,197932,1,0,9,5
172,s08-7v7-lmctf09,Fiend[SG],attack,1.717,178,799,85787,147322,0,0,6,16
172,s08-7v7-lmctf09,Scrag[SG],attack,1.560,198,800,96414,150421,0,0,12,8
172,s08-7v7-lmctf09,Ogre[SG],attack,1.518,202,775,88922,135005,1,0,10,5
172,s08-7v7-lmctf09,Knight[SG],attack,1.797,236,790,104944,188595,0,0,19,5
172,s08-7v7-lmctf09,Wizard[SG],attack,1.598,208,800,100413,160468,0,0,7,10
172,s09-7v7-lmctf09,Arach[SG],defend,1.036,5,401,2197,2275,0,0,9,0
172,s09-7v7-lmctf09,Caco[SG],defend,1.464,77,776,31068,45490,0,0,2,4
172,s09-7v7-lmctf09,Rune[SG],defend,1.102,190,688,47038,51853,0,0,5,1
172,s09-7v7-lmctf09,Slip[SG],defend,1.141,226,771,59154,67520,0,0,3,4
172,s09-7v7-lmctf09,Gate[SG],attack,1.673,226,791,100018,167365,0,0,14,6
172,s09-7v7-lmctf09,Phase[SG],attack,1.729,238,796,104699,181048,0,0,13,9
172,s09-7v7-lmctf09,Field[SG],attack,1.335,185,800,82644,110318,1,0,5,10
172,s09-7v7-lmctf09,Trace[SG],attack,1.571,195,793,91983,144460,1,0,6,6
172,s09-7v7-lmctf09,Vore[SG],attack,1.504,203,790,90978,136794,0,0,13,8
172,s09-7v7-lmctf09,Fiend[SG],attack,1.696,224,794,100225,169940,0,0,5,9
172,s09-7v7-lmctf09,Scrag[SG],attack,1.716,208,800,94370,161982,2,0,15,5
172,s09-7v7-lmctf09,Ogre[SG],attack,1.591,201,793,94017,149553,1,0,4,16
172,s09-7v7-lmctf09,Knight[SG],attack,1.650,199,794,90491,149343,1,0,7,12
172,s09-7v7-lmctf09,Wizard[SG],attack,1.499,166,799,73250,109811,0,0,1,13
172,s10-5v1-smap05,Arach[SG],defend,1.503,50,771,23891,35909,0,0,0,0
172,s10-5v1-smap05,Caco[SG],recover,1.089,173,770,79130,86189,0,0,7,10
172,s10-5v1-smap05,Rune[SG],attack,1.064,224,788,69807,74282,0,0,1,1
172,s10-5v1-smap05,Slip[SG],attack,1.301,208,797,78556,102213,2,1,0,3
172,s10-5v1-smap05,Gate[SG],attack,1.190,219,809,72782,86582,2,2,3,3
172,s10-5v1-smap05,Phase[SG],attack,1.376,232,1100,85626,117860,2,1,5,0
173,s01-2v2-lmctf03,Arach[SG],defend,0.823,10,775,5891,4850,0,0,0,0
173,s01-2v2-lmctf03,Caco[SG],defend,0.189,249,777,10865,2055,0,0,0,0
173,s01-2v2-lmctf03,Rune[SG],attack,1.354,168,776,73404,99366,0,0,1,1
173,s01-2v2-lmctf03,Slip[SG],attack,1.713,144,779,69136,118435,0,0,1,1
173,s02-2v2-lmctf03,Arach[SG],defend,1.924,56,779,26346,50698,0,0,0,0
173,s02-2v2-lmctf03,Caco[SG],defend,0.189,249,777,10874,2055,0,0,0,0
173,s02-2v2-lmctf03,Rune[SG],attack,1.172,125,749,49684,58227,0,0,0,1
173,s02-2v2-lmctf03,Slip[SG],attack,0.645,254,786,98633,63585,0,0,1,0
173,s03-5v5-lmctf22,Arach[SG],defend,1.176,88,775,21457,25225,0,0,4,5
173,s03-5v5-lmctf22,Caco[SG],defend,1.039,82,775,29422,30567,0,0,1,6
173,s03-5v5-lmctf22,Rune[SG],defend,1.014,213,777,58003,58840,0,0,6,3
173,s03-5v5-lmctf22,Slip[SG],defend,0.997,225,769,55736,55593,0,0,4,3
173,s03-5v5-lmctf22,Gate[SG],attack,1.327,189,790,81441,108036,1,0,9,8
173,s03-5v5-lmctf22,Phase[SG],attack,1.375,198,793,82867,113905,0,0,9,11
173,s03-5v5-lmctf22,Field[SG],attack,1.243,236,791,97744,121521,1,0,8,9
173,s03-5v5-lmctf22,Trace[SG],attack,1.424,231,789,98797,140647,0,0,5,9
173,s03-5v5-lmctf22,Vore[SG],attack,1.384,226,799,96231,133178,2,0,17,8
173,s03-5v5-lmctf22,Fiend[SG],attack,1.430,219,782,93976,134420,1,0,6,7
173,s04-5v5-lmctf02c,Arach[SG],defend,1.249,66,747,30284,37815,0,0,0,0
173,s04-5v5-lmctf02c,Caco[SG],defend,2.666,134,801,59319,158155,0,0,3,4
173,s04-5v5-lmctf02c,Rune[SG],defend,1.382,250,775,122948,169931,0,0,3,2
173,s04-5v5-lmctf02c,Slip[SG],defend,0.928,230,778,64619,59941,0,0,2,0
173,s04-5v5-lmctf02c,Gate[SG],attack,1.735,230,799,103958,180329,0,0,2,7
173,s04-5v5-lmctf02c,Phase[SG],attack,1.711,223,800,99188,169733,0,0,5,13
173,s04-5v5-lmctf02c,Field[SG],attack,1.923,210,806,90324,173663,0,0,9,5
173,s04-5v5-lmctf02c,Trace[SG],attack,1.584,199,796,94836,150254,0,0,7,6
173,s04-5v5-lmctf02c,Vore[SG],attack,1.552,230,774,107836,167344,0,0,6,4
173,s04-5v5-lmctf02c,Fiend[SG],attack,1.999,211,806,96735,193400,0,0,8,4
173,s05-5v5-mactf06,Arach[SG],defend,0.107,242,612,16296,1750,0,0,4,0
173,s05-5v5-mactf06,Caco[SG],defend,0.784,238,701,23281,18253,0,0,3,1
173,s05-5v5-mactf06,Rune[SG],defend,1.099,242,734,12513,13749,0,0,2,1
173,s05-5v5-mactf06,Slip[SG],defend,0.071,250,653,12348,875,0,0,0,0
173,s05-5v5-mactf06,Gate[SG],attack,1.309,230,799,99934,130804,0,0,3,8
173,s05-5v5-mactf06,Phase[SG],attack,1.373,224,795,101767,139713,0,0,6,5
173,s05-5v5-mactf06,Field[SG],attack,1.436,238,800,98847,141899,0,0,7,10
173,s05-5v5-mactf06,Trace[SG],attack,1.410,209,800,103331,145698,0,0,10,8
173,s05-5v5-mactf06,Vore[SG],attack,1.602,212,776,91880,147166,0,0,7,11
173,s05-5v5-mactf06,Fiend[SG],attack,1.521,224,775,106140,161424,0,0,5,5
173,s06-5v5-lmctf05,Arach[SG],defend,1.351,204,800,74770,101028,0,0,10,8
173,s06-5v5-lmctf05,Caco[SG],defend,1.459,94,774,39673,57883,0,0,3,3
173,s06-5v5-lmctf05,Rune[SG],defend,1.220,186,781,63615,77599,0,0,7,5
173,s06-5v5-lmctf05,Slip[SG],defend,1.208,225,792,93351,112724,0,0,5,7
173,s06-5v5-lmctf05,Gate[SG],attack,1.581,160,777,54908,86822,0,0,1,1
173,s06-5v5-lmctf05,Phase[SG],attack,2.160,132,780,69388,149893,0,0,13,6
173,s06-5v5-lmctf05,Field[SG],attack,2.141,150,791,80003,171256,0,0,6,12
173,s06-5v5-lmctf05,Trace[SG],attack,1.862,181,783,74801,139292,0,0,4,0
173,s06-5v5-lmctf05,Vore[SG],attack,2.034,140,792,56070,114045,1,0,3,8
173,s06-5v5-lmctf05,Fiend[SG],attack,1.347,171,770,67694,91185,1,0,2,5
173,s07-5v5-lmctf01,Arach[SG],defend,1.256,1,285,1190,1495,0,0,1,0
173,s07-5v5-lmctf01,Caco[SG],defend,0.275,119,733,8265,2271,0,0,4,1
173,s07-5v5-lmctf01,Rune[SG],defend,0.503,219,326,26864,13525,0,0,0,0
173,s07-5v5-lmctf01,Slip[SG],defend,0.758,220,780,42768,32422,0,0,1,1
173,s07-5v5-lmctf01,Gate[SG],attack,1.295,234,784,94602,122547,0,0,5,8
173,s07-5v5-lmctf01,Phase[SG],attack,1.293,229,802,92691,119884,1,0,6,7
173,s07-5v5-lmctf01,Field[SG],attack,1.561,160,808,72544,113265,0,0,5,3
173,s07-5v5-lmctf01,Trace[SG],attack,1.912,197,793,85245,163010,0,0,0,4
173,s07-5v5-lmctf01,Vore[SG],attack,1.728,167,790,77402,133780,0,0,3,4
173,s07-5v5-lmctf01,Fiend[SG],attack,1.345,168,800,71946,96745,0,0,6,3
173,s08-7v7-lmctf09,Arach[SG],defend,1.152,18,753,6991,8050,0,0,9,3
173,s08-7v7-lmctf09,Caco[SG],defend,1.327,105,735,41757,55401,0,0,5,5
173,s08-7v7-lmctf09,Rune[SG],defend,1.178,218,771,63819,75207,0,0,7,3
173,s08-7v7-lmctf09,Slip[SG],defend,1.223,205,765,64779,79251,0,0,3,9
173,s08-7v7-lmctf09,Gate[SG],attack,1.701,208,784,102541,174445,1,0,8,9
173,s08-7v7-lmctf09,Phase[SG],attack,1.816,231,778,99174,180139,0,0,13,4
173,s08-7v7-lmctf09,Field[SG],attack,1.563,217,799,101104,158016,0,0,7,12
173,s08-7v7-lmctf09,Trace[SG],attack,1.794,224,800,98214,176206,2,0,12,9
173,s08-7v7-lmctf09,Vore[SG],attack,1.762,196,781,87347,153897,0,0,11,15
173,s08-7v7-lmctf09,Fiend[SG],attack,1.589,218,821,103533,164520,1,0,9,13
173,s08-7v7-lmctf09,Scrag[SG],attack,1.868,213,797,99981,186803,1,0,23,9
173,s08-7v7-lmctf09,Ogre[SG],attack,1.758,201,807,86487,152033,1,0,8,17
173,s08-7v7-lmctf09,Knight[SG],attack,1.662,178,806,76855,127730,0,0,8,16
173,s08-7v7-lmctf09,Wizard[SG],attack,1.702,189,799,82390,140252,1,0,7,7
173,s09-7v7-lmctf09,Arach[SG],defend,1.045,28,739,12068,12605,0,0,5,2
173,s09-7v7-lmctf09,Caco[SG],defend,1.077,122,736,41842,45079,0,0,2,5
173,s09-7v7-lmctf09,Rune[SG],defend,0.962,224,746,55550,53458,0,0,3,2
173,s09-7v7-lmctf09,Slip[SG],defend,1.577,189,776,75123,118456,0,0,3,5
173,s09-7v7-lmctf09,Gate[SG],attack,1.587,200,802,91299,144936,0,0,11,6
173,s09-7v7-lmctf09,Phase[SG],attack,1.705,233,799,107397,183081,1,0,13,12
173,s09-7v7-lmctf09,Field[SG],attack,1.826,226,792,99424,181552,0,0,4,9
173,s09-7v7-lmctf09,Trace[SG],attack,1.609,203,797,90814,146150,1,0,7,9
173,s09-7v7-lmctf09,Vore[SG],attack,1.548,206,799,93538,144793,0,0,12,11
173,s09-7v7-lmctf09,Fiend[SG],attack,1.642,219,777,99811,163935,1,0,13,4
173,s09-7v7-lmctf09,Scrag[SG],attack,1.900,215,809,104906,199345,0,0,14,9
173,s09-7v7-lmctf09,Ogre[SG],attack,1.600,212,783,95390,152665,1,0,8,10
173,s09-7v7-lmctf09,Knight[SG],attack,1.402,217,806,94832,132960,1,0,9,11
173,s09-7v7-lmctf09,Wizard[SG],attack,1.862,204,799,93595,174290,0,0,6,15
173,s10-5v1-smap05,Arach[SG],defend,1.757,35,775,14819,26040,0,0,2,2
173,s10-5v1-smap05,Caco[SG],attack,1.502,203,791,87260,131041,1,0,6,20
173,s10-5v1-smap05,Rune[SG],defend,0.902,227,776,70397,63492,1,1,7,1
173,s10-5v1-smap05,Slip[SG],attack,1.189,201,783,67382,80084,2,0,1,1
173,s10-5v1-smap05,Gate[SG],attack,1.060,195,932,65063,68950,2,0,3,1
173,s10-5v1-smap05,Phase[SG],attack,1.074,213,800,74920,80481,0,0,6,1
174,s01-2v2-lmctf03,Arach[SG],defend,1.543,86,791,22235,34315,0,0,0,0
174,s01-2v2-lmctf03,Caco[SG],defend,0.189,249,777,10865,2055,0,0,0,0
174,s01-2v2-lmctf03,Rune[SG],attack,1.209,160,773,71639,86620,0,0,0,0
174,s01-2v2-lmctf03,Slip[SG],attack,0.594,247,783,93299,55432,0,0,0,0
174,s02-2v2-lmctf03,Arach[SG],defend,1.164,2,749,1331,1550,0,0,0,0
174,s02-2v2-lmctf03,Caco[SG],defend,0.189,249,777,10859,2055,0,0,0,0
174,s02-2v2-lmctf03,Rune[SG],attack,0.906,146,749,62114,56293,0,0,0,1
174,s02-2v2-lmctf03,Slip[SG],attack,0.657,231,779,92630,60843,0,0,1,0
174,s03-5v5-lmctf22,Arach[SG],defend,1.044,187,769,43699,45625,0,0,2,4
174,s03-5v5-lmctf22,Caco[SG],defend,0.604,115,775,11382,6875,0,0,7,2
174,s03-5v5-lmctf22,Rune[SG],defend,0.922,171,773,68532,63181,0,0,2,5
174,s03-5v5-lmctf22,Slip[SG],defend,1.109,204,777,66340,73591,0,0,2,5
174,s03-5v5-lmctf22,Gate[SG],attack,0.987,210,787,89117,87992,0,0,4,9
174,s03-5v5-lmctf22,Phase[SG],attack,1.133,244,784,103817,117648,0,0,11,8
174,s03-5v5-lmctf22,Field[SG],attack,1.481,252,794,98730,146176,3,0,12,7
174,s03-5v5-lmctf22,Trace[SG],recover,1.213,234,792,107993,130945,0,0,9,9
174,s03-5v5-lmctf22,Vore[SG],attack,1.306,255,804,95399,124612,1,0,11,4
174,s03-5v5-lmctf22,Fiend[SG],attack,1.574,231,789,91566,144114,3,0,3,11
174,s04-5v5-lmctf02c,Arach[SG],defend,1.286,28,704,16230,20875,0,0,1,0
174,s04-5v5-lmctf02c,Caco[SG],defend,2.413,132,779,57359,138426,0,0,2,1
174,s04-5v5-lmctf02c,Rune[SG],defend,1.512,214,778,97442,147363,0,0,7,5
174,s04-5v5-lmctf02c,Slip[SG],defend,1.614,219,778,83029,134005,0,0,0,3
174,s04-5v5-lmctf02c,Gate[SG],attack,1.652,213,774,104031,171843,0,0,7,7
174,s04-5v5-lmctf02c,Phase[SG],attack,1.402,223,778,102592,143814,0,0,3,3
174,s04-5v5-lmctf02c,Field[SG],attack,2.031,220,806,106191,215717,0,0,7,7
174,s04-5v5-lmctf02c,Trace[SG],attack,1.687,213,792,98658,166425,1,0,6,0
174,s04-5v5-lmctf02c,Vore[SG],attack,1.882,207,806,97054,182619,0,0,2,4
174,s04-5v5-lmctf02c,Fiend[SG],attack,2.008,238,860,31338,62920,0,0,4,9
174,s05-5v5-mactf06,Arach[SG],defend,0.649,51,747,6738,4375,0,0,3,1
174,s05-5v5-mactf06,Caco[SG],defend,1.356,179,750,50551,68546,0,0,5,6
174,s05-5v5-mactf06,Rune[SG],defend,0.445,237,742,14448,6433,0,0,4,1
174,s05-5v5-mactf06,Slip[SG],defend,0.906,243,764,30984,28081,0,0,4,2
174,s05-5v5-mactf06,Gate[SG],attack,1.425,245,801,103872,148018,0,0,11,7
174,s05-5v5-mactf06,Phase[SG],attack,1.506,213,784,89234,134359,0,0,11,10
174,s05-5v5-mactf06,Field[SG],attack,1.500,223,828,95708,143578,0,0,3,12
174,s05-5v5-mactf06,Trace[SG],attack,1.450,223,882,98208,142399,0,0,5,5
174,s05-5v5-mactf06,Vore[SG],attack,1.357,220,779,98948,134299,0,0,4,5
174,s05-5v5-mactf06,Fiend[SG],attack,1.352,228,801,91353,123553,0,0,7,9
174,s06-5v5-lmctf05,Arach[SG],defend,1.295,69,763,27693,35868,0,0,5,1
174,s06-5v5-lmctf05,Caco[SG],defend,1.413,179,778,73661,104097,0,0,6,8
174,s06-5v5-lmctf05,Rune[SG],defend,1.375,176,797,60421,83104,0,0,5,8
174,s06-5v5-lmctf05,Slip[SG],defend,1.317,207,787,86382,113796,0,0,4,6
174,s06-5v5-lmctf05,Gate[SG],attack,1.462,161,791,81404,118994,1,0,5,8
174,s06-5v5-lmctf05,Phase[SG],attack,1.247,199,772,90336,112679,1,0,5,9
174,s06-5v5-lmctf05,Field[SG],attack,2.271,109,739,47391,107618,0,0,3,4
174,s06-5v5-lmctf05,Trace[SG],attack,1.744,152,766,70166,122348,0,0,4,6
174,s06-5v5-lmctf05,Vore[SG],attack,1.395,170,785,67276,93883,1,0,14,1
174,s06-5v5-lmctf05,Fiend[SG],attack,1.957,148,773,74149,145142,0,0,5,6
174,s07-5v5-lmctf01,Arach[SG],defend,1.256,1,285,1190,1495,0,0,3,0
174,s07-5v5-lmctf01,Caco[SG],defend,0.233,222,539,12724,2971,0,0,2,0
174,s07-5v5-lmctf01,Rune[SG],defend,0.540,224,485,32495,17550,0,0,3,0
174,s07-5v5-lmctf01,Slip[SG],defend,0.658,220,706,45262,29790,0,0,1,0
174,s07-5v5-lmctf01,Gate[SG],attack,1.396,211,792,94362,131756,0,0,7,3
174,s07-5v5-lmctf01,Phase[SG],attack,1.294,196,802,86960,112503,0,0,2,4
174,s07-5v5-lmctf01,Field[SG],attack,1.233,160,784,69097,85184,0,0,0,4
174,s07-5v5-lmctf01,Trace[SG],attack,1.766,183,772,86979,153580,0,0,1,2
174,s07-5v5-lmctf01,Vore[SG],attack,1.284,170,800,75704,97174,0,0,3,8
174,s07-5v5-lmctf01,Fiend[SG],attack,1.235,169,797,64652,79871,0,0,3,4
174,s08-7v7-lmctf09,Arach[SG],defend,0.728,18,401,9037,6575,0,0,4,2
174,s08-7v7-lmctf09,Caco[SG],defend,1.384,150,809,36092,49948,0,0,1,3
174,s08-7v7-lmctf09,Rune[SG],defend,1.009,210,722,59540,60103,0,0,4,4
174,s08-7v7-lmctf09,Slip[SG],defend,1.146,194,800,58850,67442,0,0,5,3
174,s08-7v7-lmctf09,Gate[SG],attack,1.619,214,800,97807,158327,0,0,8,10
174,s08-7v7-lmctf09,Phase[SG],attack,1.384,223,797,102737,142177,1,0,13,10
174,s08-7v7-lmctf09,Field[SG],attack,1.645,226,804,102054,167833,1,0,13,10
174,s08-7v7-lmctf09,Trace[SG],attack,1.699,189,800,88676,150646,0,0,2,8
174,s08-7v7-lmctf09,Vore[SG],attack,1.398,205,809,94128,131623,0,0,11,11
174,s08-7v7-lmctf09,Fiend[SG],attack,1.703,206,801,97746,166452,1,0,10,15
174,s08-7v7-lmctf09,Scrag[SG],attack,1.505,213,798,94796,142670,0,0,8,7
174,s08-7v7-lmctf09,Ogre[SG],attack,1.404,190,778,87938,123439,0,0,6,3
174,s08-7v7-lmctf09,Knight[SG],attack,1.728,221,800,89000,153779,0,0,12,11
174,s08-7v7-lmctf09,Wizard[SG],attack,1.741,190,779,91457,159209,1,0,7,8
174,s09-7v7-lmctf09,Arach[SG],defend,1.427,66,809,26745,38154,0,0,6,2
174,s09-7v7-lmctf09,Caco[SG],defend,1.064,61,770,22090,23500,0,0,0,2
174,s09-7v7-lmctf09,Rune[SG],defend,1.437,201,763,58818,84547,0,0,1,6
174,s09-7v7-lmctf09,Slip[SG],defend,1.183,178,798,75327,89094,0,0,5,5
174,s09-7v7-lmctf09,Gate[SG],attack,1.712,225,915,105427,180510,1,0,18,9
174,s09-7v7-lmctf09,Phase[SG],attack,1.615,211,809,96073,155154,0,0,15,11
174,s09-7v7-lmctf09,Field[SG],attack,1.663,217,807,93941,156178,0,0,13,15
174,s09-7v7-lmctf09,Trace[SG],attack,1.567,202,776,96361,150997,0,0,11,16
174,s09-7v7-lmctf09,Vore[SG],attack,1.637,216,809,100338,164295,0,0,10,9
174,s09-7v7-lmctf09,Fiend[SG],attack,1.442,238,800,104461,150636,1,0,8,11
174,s09-7v7-lmctf09,Scrag[SG],attack,1.693,215,790,100658,170456,2,0,14,5
174,s09-7v7-lmctf09,Ogre[SG],attack,1.773,207,800,90874,161089,0,0,15,12
174,s09-7v7-lmctf09,Knight[SG],attack,1.880,221,795,94072,176822,1,0,4,17
174,s09-7v7-lmctf09,Wizard[SG],attack,1.798,211,782,93997,169024,0,0,13,14
174,s10-5v1-smap05,Arach[SG],defend,2.006,20,745,9576,19209,0,0,2,1
174,s10-5v1-smap05,Caco[SG],recover,1.346,194,788,89885,120970,0,0,9,17
174,s10-5v1-smap05,Rune[SG],defend,0.935,205,783,67325,62926,0,0,1,3
174,s10-5v1-smap05,Slip[SG],attack,1.198,220,1100,71556,85743,1,1,5,2
174,s10-5v1-smap05,Gate[SG],attack,1.419,169,794,65993,93631,2,0,3,1
174,s10-5v1-smap05,Phase[SG],attack,1.236,220,1098,82590,102115,3,0,6,2
176,s01-2v2-lmctf03,Arach[SG],defend,1.310,66,797,29216,38267,0,0,0,1
176,s01-2v2-lmctf03,Caco[SG],defend,0.197,248,777,11174,2205,0,0,1,0
176,s01-2v2-lmctf03,Rune[SG],attack,1.053,219,780,93242,98145,0,0,0,2
176,s01-2v2-lmctf03,Slip[SG],attack,1.660,149,779,66294,110058,0,0,2,0
176,s02-2v2-lmctf03,Arach[SG],defend,0.999,21,749,11841,11834,0,0,0,1
176,s02-2v2-lmctf03,Caco[SG],defend,0.431,186,777,13604,5860,0,0,0,0
176,s02-2v2-lmctf03,Rune[SG],attack,1.340,141,773,57027,76413,0,0,0,1
176,s02-2v2-lmctf03,Slip[SG],attack,0.920,240,784,104443,96063,1,0,2,0
176,s03-5v5-lmctf22,Arach[SG],defend,1.146,169,787,35949,41199,0,0,7,5
176,s03-5v5-lmctf22,Caco[SG],defend,1.014,189,787,26875,27248,0,0,3,1
176,s03-5v5-lmctf22,Rune[SG],defend,1.320,209,798,68438,90349,0,0,3,8
176,s03-5v5-lmctf22,Slip[SG],defend,1.136,238,774,54626,62069,0,0,1,3
176,s03-5v5-lmctf22,Gate[SG],attack,1.205,242,925,100609,121268,0,0,4,6
176,s03-5v5-lmctf22,Phase[SG],attack,1.376,231,852,94627,130194,0,0,11,6
176,s03-5v5-lmctf22,Field[SG],attack,1.427,230,780,94883,135424,1,0,11,8
176,s03-5v5-lmctf22,Trace[SG],attack,1.207,182,776,77813,93900,0,0,7,9
176,s03-5v5-lmctf22,Vore[SG],attack,1.343,244,800,92967,124873,2,1,10,12
176,s03-5v5-lmctf22,Fiend[SG],attack,1.488,220,781,97435,144952,1,0,9,8
176,s04-5v5-lmctf02c,Arach[SG],defend,1.256,240,778,110153,138386,0,0,2,3
176,s04-5v5-lmctf02c,Caco[SG],defend,1.805,88,769,40512,73141,0,0,0,0
176,s04-5v5-lmctf02c,Rune[SG],defend,1.290,223,754,108942,140562,0,0,2,1
176,s04-5v5-lmctf02c,Slip[SG],defend,1.719,235,795,87321,150097,0,0,0,0
176,s04-5v5-lmctf02c,Gate[SG],attack,1.428,217,791,108657,155150,0,0,3,1
176,s04-5v5-lmctf02c,Phase[SG],attack,1.840,208,779,106350,195671,0,0,9,4
176,s04-5v5-lmctf02c,Field[SG],attack,1.639,222,806,83026,136060,0,0,4,6
176,s04-5v5-lmctf02c,Trace[SG],attack,1.617,210,781,96315,155709,0,0,5,3
176,s04-5v5-lmctf02c,Vore[SG],attack,1.767,231,793,110286,194846,0,0,4,5
176,s04-5v5-lmctf02c,Fiend[SG],attack,1.916,222,806,92280,176828,0,0,4,10
176,s05-5v5-mactf06,Arach[SG],defend,1.324,136,779,32801,43427,0,0,5,3
176,s05-5v5-mactf06,Caco[SG],defend,0.481,244,774,27091,13025,0,0,1,5
176,s05-5v5-mactf06,Rune[SG],defend,1.338,229,771,32189,43067,0,0,3,7
176,s05-5v5-mactf06,Slip[SG],defend,1.181,240,781,49248,58146,0,0,6,6
176,s05-5v5-mactf06,Gate[SG],attack,1.306,233,800,96883,126526,0,0,8,8
176,s05-5v5-mactf06,Phase[SG],attack,1.513,208,778,93087,140843,0,0,10,10
176,s05-5v5-mactf06,Field[SG],attack,1.426,226,781,95784,136634,0,0,9,14
176,s05-5v5-mactf06,Trace[SG],attack,1.379,232,800,94273,130013,0,0,11,5
176,s05-5v5-mactf06,Vore[SG],attack,1.228,246,800,106469,130783,0,0,7,10
176,s05-5v5-mactf06,Fiend[SG],attack,1.251,226,790,92966,116333,0,0,10,3
176,s06-5v5-lmctf05,Arach[SG],defend,1.571,101,778,43583,68458,1,0,4,4
176,s06-5v5-lmctf05,Caco[SG],defend,1.117,153,672,14529,16229,0,0,0,4
176,s06-5v5-lmctf05,Rune[SG],defend,0.800,222,810,62330,49865,0,0,3,1
176,s06-5v5-lmctf05,Slip[SG],defend,0.894,212,778,83441,74623,0,0,5,3
176,s06-5v5-lmctf05,Gate[SG],attack,1.676,162,797,75441,126438,0,0,6,3
176,s06-5v5-lmctf05,Phase[SG],attack,1.581,144,799,70973,112185,1,0,4,1
176,s06-5v5-lmctf05,Field[SG],attack,2.253,116,777,37267,83970,0,0,2,2
176,s06-5v5-lmctf05,Trace[SG],attack,1.904,170,795,87097,165821,0,0,4,6
176,s06-5v5-lmctf05,Vore[SG],attack,1.450,176,777,79952,115948,0,0,4,10
176,s06-5v5-lmctf05,Fiend[SG],attack,2.735,105,626,12541,34298,0,0,4,2
176,s07-5v5-lmctf01,Arach[SG],defend,1.256,1,285,1190,1495,0,0,1,0
176,s07-5v5-lmctf01,Caco[SG],defend,0.221,106,406,5856,1296,0,0,3,0
176,s07-5v5-lmctf01,Rune[SG],defend,0.537,223,783,31678,17000,0,0,0,0
176,s07-5v5-lmctf01,Slip[SG],defend,0.644,224,744,44086,28390,0,0,1,0
176,s07-5v5-lmctf01,Gate[SG],attack,1.936,209,780,87296,169013,0,0,0,7
176,s07-5v5-lmctf01,Phase[SG],attack,1.261,208,802,87681,110567,0,0,1,4
176,s07-5v5-lmctf01,Field[SG],attack,1.372,105,771,40383,55409,0,0,2,1
176,s07-5v5-lmctf01,Trace[SG],attack,1.237,208,784,90019,111360,0,0,2,6
176,s07-5v5-lmctf01,Vore[SG],attack,1.693,167,799,68417,115826,1,0,4,1
176,s07-5v5-lmctf01,Fiend[SG],attack,1.560,176,774,74153,115647,0,0,7,3
176,s08-7v7-lmctf09,Arach[SG],defend,1.186,44,774,16309,19343,0,0,4,3
176,s08-7v7-lmctf09,Caco[SG],defend,1.496,57,647,22721,33987,0,0,3,3
176,s08-7v7-lmctf09,Rune[SG],defend,1.056,231,656,57074,60252,0,0,3,0
176,s08-7v7-lmctf09,Slip[SG],defend,1.114,214,779,29841,33243,0,0,1,6
176,s08-7v7-lmctf09,Gate[SG],attack,1.661,218,776,105555,175364,0,0,15,7
176,s08-7v7-lmctf09,Phase[SG],attack,1.892,209,783,99806,188785,0,0,7,6
176,s08-7v7-lmctf09,Field[SG],attack,1.582,215,798,108172,171102,0,0,4,8
176,s08-7v7-lmctf09,Trace[SG],attack,1.879,213,800,97494,183150,0,0,11,7
176,s08-7v7-lmctf09,Vore[SG],attack,1.862,207,800,96334,179343,0,0,8,8
176,s08-7v7-lmctf09,Fiend[SG],attack,1.624,191,788,89921,145989,0,0,13,9
176,s08-7v7-lmctf09,Scrag[SG],attack,1.452,217,792,99053,143819,0,0,6,13
176,s08-7v7-lmctf09,Ogre[SG],attack,1.703,204,788,97177,165456,0,0,12,10
176,s08-7v7-lmctf09,Knight[SG],attack,1.685,204,798,93240,157098,2,0,10,17
176,s08-7v7-lmctf09,Wizard[SG],attack,1.625,191,799,88340,143567,0,0,7,8
176,s09-7v7-lmctf09,Arach[SG],defend,1.241,56,784,27173,33723,0,0,4,2
176,s09-7v7-lmctf09,Caco[SG],defend,1.226,173,761,36649,44941,0,0,6,11
176,s09-7v7-lmctf09,Rune[SG],defend,1.270,196,766,58773,74648,0,0,2,5
176,s09-7v7-lmctf09,Slip[SG],defend,1.169,179,799,65437,76527,0,0,1,9
176,s09-7v7-lmctf09,Gate[SG],attack,1.606,219,809,102160,164027,1,0,15,4
176,s09-7v7-lmctf09,Phase[SG],attack,1.881,229,795,106006,199377,2,0,14,11
176,s09-7v7-lmctf09,Field[SG],attack,1.899,216,979,97366,184911,0,0,9,12
176,s09-7v7-lmctf09,Trace[SG],attack,1.647,227,792,95282,156939,0,0,14,6
176,s09-7v7-lmctf09,Vore[SG],attack,1.769,179,806,83843,148307,1,0,6,10
176,s09-7v7-lmctf09,Fiend[SG],attack,1.736,212,793,99284,172309,0,0,11,7
176,s09-7v7-lmctf09,Scrag[SG],attack,1.537,223,781,96517,148380,0,0,13,8
176,s09-7v7-lmctf09,Ogre[SG],attack,1.564,211,778,96934,151632,0,0,11,10
176,s09-7v7-lmctf09,Knight[SG],attack,1.559,212,809,93949,146441,0,0,4,7
176,s09-7v7-lmctf09,Wizard[SG],attack,1.442,197,800,87103,125619,0,0,6,14
176,s10-5v1-smap05,Arach[SG],defend,2.549,15,756,6919,17635,0,0,0,0
176,s10-5v1-smap05,Caco[SG],attack,1.434,194,781,88699,127212,0,0,4,9
176,s10-5v1-smap05,Rune[SG],defend,0.818,214,778,62283,50978,0,0,3,0
176,s10-5v1-smap05,Slip[SG],attack,1.253,206,800,70719,88589,0,0,0,1
176,s10-5v1-smap05,Gate[SG],attack,0.996,208,795,58283,58046,1,0,4,2
176,s10-5v1-smap05,Phase[SG],attack,1.349,238,794,78102,105397,2,2,2,1
177,s01-2v2-lmctf03,Arach[SG],defend,1.865,87,774,42500,79278,0,0,2,0
177,s01-2v2-lmctf03,Caco[SG],defend,0.912,222,777,59973,54687,0,0,0,0
177,s01-2v2-lmctf03,Rune[SG],attack,1.160,175,760,69022,80067,0,0,0,3
177,s01-2v2-lmctf03,Slip[SG],attack,1.291,249,789,111218,143615,2,0,3,2
177,s02-2v2-lmctf03,Arach[SG],defend,0.494,185,798,69942,34559,0,0,0,2
177,s02-2v2-lmctf03,Caco[SG],defend,0.763,147,777,32788,25017,0,0,0,0
177,s02-2v2-lmctf03,Rune[SG],attack,1.541,177,785,79939,123195,0,0,1,3
177,s02-2v2-lmctf03,Slip[SG],attack,1.467,160,782,65748,96439,1,0,5,1
177,s03-5v5-lmctf22,Arach[SG],defend,0.742,149,740,25197,18700,0,0,6,1
177,s03-5v5-lmctf22,Caco[SG],defend,0.666,176,799,28040,18665,0,0,0,1
177,s03-5v5-lmctf22,Rune[SG],defend,1.195,236,781,66537,79509,0,0,9,4
177,s03-5v5-lmctf22,Slip[SG],defend,0.932,227,782,51938,48399,0,0,3,4
177,s03-5v5-lmctf22,Gate[SG],attack,1.195,242,792,105545,126130,0,0,4,12
177,s03-5v5-lmctf22,Phase[SG],attack,1.302,232,786,98773,128636,0,0,9,3
177,s03-5v5-lmctf22,Field[SG],attack,1.307,241,781,114725,149958,1,0,5,11
177,s03-5v5-lmctf22,Trace[SG],attack,1.152,227,798,97881,112717,0,0,4,4
177,s03-5v5-lmctf22,Vore[SG],attack,1.260,230,800,96070,121057,0,0,7,6
177,s03-5v5-lmctf22,Fiend[SG],attack,1.253,247,786,109733,137511,3,0,8,10
177,s04-5v5-lmctf02c,Arach[SG],defend,1.284,95,758,48753,62610,0,0,0,1
177,s04-5v5-lmctf02c,Caco[SG],defend,2.025,149,800,71477,144732,0,0,1,2
177,s04-5v5-lmctf02c,Rune[SG],defend,1.366,224,786,109878,150126,0,0,0,0
177,s04-5v5-lmctf02c,Slip[SG],defend,1.130,219,772,74094,83750,0,0,0,0
177,s04-5v5-lmctf02c,Gate[SG],attack,1.711,242,805,115533,197643,0,0,0,5
177,s04-5v5-lmctf02c,Phase[SG],attack,1.824,227,805,107671,196380,0,0,2,7
177,s04-5v5-lmctf02c,Field[SG],attack,1.427,235,806,103875,148240,0,0,4,2
177,s04-5v5-lmctf02c,Trace[SG],attack,1.512,228,807,96465,145838,0,0,4,6
177,s04-5v5-lmctf02c,Vore[SG],attack,1.469,233,776,109201,160387,0,0,7,1
177,s04-5v5-lmctf02c,Fiend[SG],attack,1.383,228,781,91162,126076,0,0,7,1
177,s05-5v5-mactf06,Arach[SG],defend,0.519,239,757,28972,15035,0,0,1,1
177,s05-5v5-mactf06,Caco[SG],defend,1.252,154,771,29690,37182,0,0,4,0
177,s05-5v5-mactf06,Rune[SG],defend,0.328,233,744,8311,2725,0,0,0,1
177,s05-5v5-mactf06,Slip[SG],defend,0.345,244,776,20913,7209,0,0,2,0
177,s05-5v5-mactf06,Gate[SG],attack,1.187,240,776,110466,131119,0,0,0,3
177,s05-5v5-mactf06,Phase[SG],attack,1.369,231,786,108179,148083,0,0,9,8
177,s05-5v5-mactf06,Field[SG],attack,1.333,219,779,101482,135244,0,0,7,4
177,s05-5v5-mactf06,Trace[SG],attack,1.465,230,800,101201,148291,0,0,3,11
177,s05-5v5-mactf06,Vore[SG],attack,1.379,225,793,101098,139428,0,0,7,6
177,s05-5v5-mactf06,Fiend[SG],attack,1.215,233,789,110400,134118,0,0,3,3
177,s06-5v5-lmctf05,Arach[SG],defend,1.489,189,768,67757,100901,0,0,3,4
177,s06-5v5-lmctf05,Caco[SG],defend,1.134,52,765,11342,12867,0,0,2,1
177,s06-5v5-lmctf05,Rune[SG],defend,1.681,182,775,72028,121084,0,0,6,3
177,s06-5v5-lmctf05,Slip[SG],defend,1.182,208,778,81570,96392,0,0,1,4
177,s06-5v5-lmctf05,Gate[SG],attack,1.560,170,779,78339,122177,0,0,2,4
177,s06-5v5-lmctf05,Phase[SG],attack,1.773,128,694,66382,117677,0,0,9,3
177,s06-5v5-lmctf05,Field[SG],attack,1.689,165,776,68335,115420,1,0,3,5
177,s06-5v5-lmctf05,Trace[SG],attack,2.111,145,781,78325,165347,0,0,5,5
177,s06-5v5-lmctf05,Vore[SG],attack,1.841,162,781,71464,131559,1,0,6,8
177,s06-5v5-lmctf05,Fiend[SG],attack,1.823,154,800,78003,142194,0,0,6,10
177,s07-5v5-lmctf01,Arach[SG],defend,1.256,1,285,1190,1495,0,0,5,0
177,s07-5v5-lmctf01,Caco[SG],defend,0.605,66,804,6195,3746,0,0,3,0
177,s07-5v5-lmctf01,Rune[SG],defend,0.508,222,763,38457,19550,0,0,0,0
177,s07-5v5-lmctf01,Slip[SG],defend,0.798,221,775,44800,35740,0,0,3,0
177,s07-5v5-lmctf01,Gate[SG],attack,1.347,197,786,75809,102113,0,0,2,0
177,s07-5v5-lmctf01,Phase[SG],attack,1.246,202,802,89197,111130,1,0,5,5
177,s07-5v5-lmctf01,Field[SG],attack,1.287,169,800,75980,97816,0,0,1,7
177,s07-5v5-lmctf01,Trace[SG],attack,1.496,201,784,87315,130655,0,0,3,4
177,s07-5v5-lmctf01,Vore[SG],attack,1.285,178,800,79245,101810,0,0,0,3
177,s07-5v5-lmctf01,Fiend[SG],attack,1.420,162,771,74492,105777,0,0,2,5
177,s08-7v7-lmctf09,Arach[SG],defend,1.052,42,800,17313,18212,0,0,6,1
177,s08-7v7-lmctf09,Caco[SG],defend,1.062,97,667,31881,33858,0,0,2,3
177,s08-7v7-lmctf09,Rune[SG],defend,1.142,228,749,67485,77039,0,0,7,3
177,s08-7v7-lmctf09,Slip[SG],defend,1.345,219,799,75811,101939,0,0,9,14
177,s08-7v7-lmctf09,Gate[SG],attack,1.597,219,800,108875,173885,0,0,9,18
177,s08-7v7-lmctf09,Phase[SG],attack,1.655,209,790,95277,157717,0,0,19,8
177,s08-7v7-lmctf09,Field[SG],attack,1.337,218,774,98270,131345,0,0,5,16
177,s08-7v7-lmctf09,Trace[SG],attack,1.611,237,807,102975,165851,0,0,20,8
177,s08-7v7-lmctf09,Vore[SG],attack,1.657,191,782,89903,148982,1,0,12,16
177,s08-7v7-lmctf09,Fiend[SG],attack,1.669,219,782,104748,174858,0,0,14,11
177,s08-7v7-lmctf09,Scrag[SG],attack,1.741,204,786,96521,168000,0,0,11,8
177,s08-7v7-lmctf09,Ogre[SG],attack,1.864,205,799,90379,168439,0,0,8,16
177,s08-7v7-lmctf09,Knight[SG],attack,1.762,208,800,98205,173002,1,0,11,13
177,s08-7v7-lmctf09,Wizard[SG],attack,1.497,219,806,98392,147331,0,0,10,8
177,s09-7v7-lmctf09,Arach[SG],defend,1.637,6,773,2184,3575,0,0,3,0
177,s09-7v7-lmctf09,Caco[SG],defend,1.535,103,809,40675,62457,0,0,2,6
177,s09-7v7-lmctf09,Rune[SG],defend,1.268,236,775,77295,98030,0,0,2,5
177,s09-7v7-lmctf09,Slip[SG],defend,0.941,90,765,37810,35588,0,0,6,12
177,s09-7v7-lmctf09,Gate[SG],attack,1.635,196,800,93448,152782,0,0,4,6
177,s09-7v7-lmctf09,Phase[SG],attack,1.782,224,802,102944,183433,1,0,18,11
177,s09-7v7-lmctf09,Field[SG],attack,1.557,222,800,97255,151384,0,0,11,9
177,s09-7v7-lmctf09,Trace[SG],attack,1.635,187,801,87877,143682,1,0,4,5
177,s09-7v7-lmctf09,Vore[SG],attack,1.577,204,800,95404,150430,0,0,7,15
177,s09-7v7-lmctf09,Fiend[SG],attack,1.529,233,794,101200,154769,0,0,13,12
177,s09-7v7-lmctf09,Scrag[SG],attack,1.602,228,786,100417,160896,0,0,18,6
177,s09-7v7-lmctf09,Ogre[SG],attack,1.534,211,799,98387,150921,0,0,4,10
177,s09-7v7-lmctf09,Knight[SG],attack,1.415,201,797,89395,126534,2,0,3,6
177,s09-7v7-lmctf09,Wizard[SG],attack,1.739,206,800,92823,161386,0,0,12,4
177,s10-5v1-smap05,Arach[SG],defend,1.907,25,778,10610,20234,0,0,2,1
177,s10-5v1-smap05,Caco[SG],attack,1.570,189,800,87072,136663,1,0,11,15
177,s10-5v1-smap05,Rune[SG],defend,1.198,214,800,75761,90769,0,0,2,3
177,s10-5v1-smap05,Slip[SG],attack,1.312,201,1100,86607,113664,2,0,4,6
177,s10-5v1-smap05,Gate[SG],attack,1.300,194,770,68785,89397,1,0,2,0
177,s10-5v1-smap05,Phase[SG],attack,1.317,209,800,77667,102263,1,1,5,1
178,s01-2v2-lmctf03,Arach[SG],defend,1.582,18,749,8317,13158,0,0,2,2
178,s01-2v2-lmctf03,Caco[SG],defend,1.091,201,777,29218,31890,0,0,1,0
178,s01-2v2-lmctf03,Rune[SG],attack,1.509,132,749,53917,81379,0,0,0,1
178,s01-2v2-lmctf03,Slip[SG],attack,1.163,217,790,97734,113654,1,0,2,2
178,s02-2v2-lmctf03,Arach[SG],defend,0.677,30,774,10173,6888,0,0,0,1
178,s02-2v2-lmctf03,Caco[SG],defend,2.084,188,777,33582,69969,0,0,0,1
178,s02-2v2-lmctf03,Rune[SG],attack,1.414,136,779,58561,82778,0,0,3,2
178,s02-2v2-lmctf03,Slip[SG],attack,1.197,221,781,90285,108044,1,0,3,2
178,s03-5v5-lmctf22,Arach[SG],defend,1.213,132,779,23872,28950,0,0,1,1
178,s03-5v5-lmctf22,Caco[SG],defend,1.201,126,775,28925,34725,0,0,3,0
178,s03-5v5-lmctf22,Rune[SG],defend,0.621,226,772,36860,22905,0,0,5,0
178,s03-5v5-lmctf22,Slip[SG],defend,0.622,242,746,25145,15647,0,0,0,1
178,s03-5v5-lmctf22,Gate[SG],attack,1.287,222,889,106176,136608,0,0,4,11
178,s03-5v5-lmctf22,Phase[SG],attack,1.174,228,829,92858,109046,1,0,5,7
178,s03-5v5-lmctf22,Field[SG],attack,1.275,223,777,94559,120533,0,0,1,9
178,s03-5v5-lmctf22,Trace[SG],attack,1.159,221,792,92078,106686,0,0,3,4
178,s03-5v5-lmctf22,Vore[SG],attack,1.325,245,793,108919,144301,0,0,11,3
178,s03-5v5-lmctf22,Fiend[SG],attack,1.280,218,777,95951,122850,0,0,7,5
178,s04-5v5-lmctf02c,Arach[SG],defend,1.324,22,732,13562,17950,0,0,0,0
178,s04-5v5-lmctf02c,Caco[SG],defend,1.457,241,772,110257,160654,0,0,1,3
178,s04-5v5-lmctf02c,Rune[SG],defend,1.159,233,785,104056,120633,0,0,1,1
178,s04-5v5-lmctf02c,Slip[SG],defend,1.370,239,772,107120,146725,0,0,0,0
178,s04-5v5-lmctf02c,Gate[SG],attack,1.789,231,805,104775,187452,0,0,3,10
178,s04-5v5-lmctf02c,Phase[SG],attack,1.827,248,793,114502,209214,0,0,8,2
178,s04-5v5-lmctf02c,Field[SG],attack,1.783,226,806,97406,173697,0,0,5,3
178,s04-5v5-lmctf02c,Trace[SG],attack,1.891,228,803,100525,190142,0,0,6,8
178,s04-5v5-lmctf02c,Vore[SG],attack,1.527,226,806,98084,149737,0,0,9,10
178,s04-5v5-lmctf02c,Fiend[SG],attack,1.226,239,806,101040,123864,0,0,6,2
178,s05-5v5-mactf06,Arach[SG],defend,0.938,171,612,16651,15616,0,0,1,1
178,s05-5v5-mactf06,Caco[SG],defend,1.157,10,701,4861,5625,0,0,1,0
178,s05-5v5-mactf06,Rune[SG],defend,1.548,242,776,17856,27639,0,0,4,0
178,s05-5v5-mactf06,Slip[SG],defend,1.056,237,712,26014,27472,0,0,1,0
178,s05-5v5-mactf06,Gate[SG],attack,1.227,246,800,114428,140411,0,0,4,2
178,s05-5v5-mactf06,Phase[SG],attack,1.225,218,800,94716,115996,0,0,9,4
178,s05-5v5-mactf06,Field[SG],attack,1.427,244,790,106588,152095,0,0,0,9
178,s05-5v5-mactf06,Trace[SG],attack,1.479,229,777,106773,157895,0,0,13,5
178,s05-5v5-mactf06,Vore[SG],attack,1.318,219,772,89157,117500,0,0,5,10
178,s05-5v5-mactf06,Fiend[SG],attack,1.546,229,782,109748,169635,0,0,5,13
178,s06-5v5-lmctf05,Arach[SG],defend,0.824,239,770,26271,21648,0,0,4,0
178,s06-5v5-lmctf05,Caco[SG],defend,1.556,35,758,6651,10350,0,0,0,0
178,s06-5v5-lmctf05,Rune[SG],defend,1.408,180,779,78722,110804,0,0,6,6
178,s06-5v5-lmctf05,Slip[SG],defend,0.882,218,782,76180,67213,0,0,0,0
178,s06-5v5-lmctf05,Gate[SG],attack,1.890,176,781,82478,155904,0,0,3,2
178,s06-5v5-lmctf05,Phase[SG],attack,1.667,194,693,27367,45617,0,0,0,2
178,s06-5v5-lmctf05,Field[SG],attack,1.723,124,796,64314,110784,0,0,8,8
178,s06-5v5-lmctf05,Trace[SG],attack,2.276,152,781,27361,62267,0,0,5,2
178,s06-5v5-lmctf05,Vore[SG],attack,1.706,159,776,74970,127888,0,0,3,5
178,s06-5v5-lmctf05,Fiend[SG],attack,2.025,107,798,24072,48742,0,0,1,5
178,s07-5v5-lmctf01,Arach[SG],defend,0.873,15,334,4460,3895,0,0,3,3
178,s07-5v5-lmctf01,Caco[SG],defend,1.228,115,778,38155,46850,0,0,1,7
178,s07-5v5-lmctf01,Rune[SG],defend,1.056,221,788,51044,53881,0,0,2,4
178,s07-5v5-lmctf01,Slip[SG],defend,0.645,229,777,43161,27833,0,0,4,1
178,s07-5v5-lmctf01,Gate[SG],attack,1.263,235,793,92198,116443,1,0,2,5
178,s07-5v5-lmctf01,Phase[SG],attack,1.267,229,802,99152,125671,1,0,7,6
178,s07-5v5-lmctf01,Field[SG],attack,1.585,175,786,83643,132576,0,0,2,2
178,s07-5v5-lmctf01,Trace[SG],attack,1.155,238,792,97691,112850,0,0,1,3
178,s07-5v5-lmctf01,Vore[SG],attack,1.265,184,796,81113,102648,0,0,9,2
178,s07-5v5-lmctf01,Fiend[SG],attack,1.440,165,800,72118,103879,0,0,5,4
178,s08-7v7-lmctf09,Arach[SG],defend,0.689,26,401,13213,9100,0,0,5,2
178,s08-7v7-lmctf09,Caco[SG],defend,1.376,157,775,48591,66877,0,0,3,11
178,s08-7v7-lmctf09,Rune[SG],defend,1.223,226,789,61058,74656,0,0,1,4
178,s08-7v7-lmctf09,Slip[SG],defend,1.200,147,771,56075,67292,0,0,1,7
178,s08-7v7-lmctf09,Gate[SG],attack,1.463,216,800,93417,136662,0,0,12,3
178,s08-7v7-lmctf09,Phase[SG],attack,1.623,226,809,100392,162897,0,0,24,12
178,s08-7v7-lmctf09,Field[SG],attack,1.663,205,802,94024,156340,1,0,2,17
178,s08-7v7-lmctf09,Trace[SG],attack,1.635,204,772,95051,155394,0,0,11,4
178,s08-7v7-lmctf09,Vore[SG],attack,1.821,171,835,82734,150673,0,0,11,18
178,s08-7v7-lmctf09,Fiend[SG],attack,1.664,221,794,96485,160599,2,0,5,10
178,s08-7v7-lmctf09,Scrag[SG],attack,1.654,211,798,95359,157741,2,0,18,3
178,s08-7v7-lmctf09,Ogre[SG],attack,1.433,191,799,78441,112430,0,0,4,4
178,s08-7v7-lmctf09,Knight[SG],attack,1.768,209,782,92514,163559,1,0,8,7
178,s08-7v7-lmctf09,Wizard[SG],attack,1.934,200,805,94577,182907,0,0,9,12
178,s09-7v7-lmctf09,Arach[SG],defend,0.781,71,741,20553,16050,0,0,5,3
178,s09-7v7-lmctf09,Caco[SG],defend,1.880,65,809,27078,50908,0,0,8,6
178,s09-7v7-lmctf09,Rune[SG],defend,1.114,225,743,70470,78516,0,0,7,3
178,s09-7v7-lmctf09,Slip[SG],defend,1.247,192,777,55542,69254,0,0,1,9
178,s09-7v7-lmctf09,Gate[SG],attack,1.699,231,800,103212,175383,0,0,7,12
178,s09-7v7-lmctf09,Phase[SG],attack,1.784,191,774,90990,162355,3,0,14,9
178,s09-7v7-lmctf09,Field[SG],attack,1.684,199,800,88513,149029,0,0,7,12
178,s09-7v7-lmctf09,Trace[SG],attack,1.684,227,800,95677,161086,0,0,24,10
178,s09-7v7-lmctf09,Vore[SG],attack,1.472,208,799,96883,142617,0,0,8,16
178,s09-7v7-lmctf09,Fiend[SG],attack,1.609,220,786,99594,160248,0,0,7,4
178,s09-7v7-lmctf09,Scrag[SG],attack,1.644,211,774,98389,161747,0,0,12,8
178,s09-7v7-lmctf09,Ogre[SG],attack,1.842,220,782,96650,178037,0,0,7,14
178,s09-7v7-lmctf09,Knight[SG],attack,1.946,205,807,95294,185475,1,0,8,11
178,s09-7v7-lmctf09,Wizard[SG],attack,1.753,213,809,89993,157795,0,0,10,8
178,s10-5v1-smap05,Arach[SG],defend,2.113,4,745,1567,3310,0,0,0,0
178,s10-5v1-smap05,Caco[SG],recover,0.967,190,1100,80994,78323,0,0,3,7
178,s10-5v1-smap05,Rune[SG],attack,0.885,221,780,61361,54323,0,0,1,1
178,s10-5v1-smap05,Slip[SG],attack,1.094,218,779,68533,74980,0,0,1,1
178,s10-5v1-smap05,Gate[SG],attack,1.162,227,1100,79289,92111,2,2,2,0
178,s10-5v1-smap05,Phase[SG],carry,1.260,224,794,74641,94051,1,1,3,1
179,s01-2v2-lmctf03,Arach[SG],defend,1.164,2,749,1331,1550,0,0,0,0
179,s01-2v2-lmctf03,Caco[SG],defend,0.189,249,777,10874,2055,0,0,0,0
179,s01-2v2-lmctf03,Rune[SG],attack,0.880,136,749,61549,54176,0,0,0,0
179,s01-2v2-lmctf03,Slip[SG],attack,0.570,251,792,99167,56512,0,0,0,0
179,s02-2v2-lmctf03,Arach[SG],defend,1.271,8,749,4590,5834,0,0,0,1
179,s02-2v2-lmctf03,Caco[SG],defend,0.821,199,777,59216,48635,0,0,0,0
179,s02-2v2-lmctf03,Rune[SG],attack,1.142,164,755,70774,80803,0,0,1,7
179,s02-2v2-lmctf03,Slip[SG],attack,1.392,211,779,94945,132151,1,0,8,1
179,s03-5v5-lmctf22,Arach[SG],defend,1.031,198,784,51718,53322,0,0,5,5
179,s03-5v5-lmctf22,Caco[SG],defend,0.828,178,775,34448,28523,0,0,2,3
179,s03-5v5-lmctf22,Rune[SG],defend,1.056,205,783,70476,74452,0,0,0,6
179,s03-5v5-lmctf22,Slip[SG],defend,0.991,229,783,45558,45166,0,0,5,6
179,s03-5v5-lmctf22,Gate[SG],attack,0.999,194,794,85417,85323,0,0,2,2
179,s03-5v5-lmctf22,Phase[SG],attack,1.461,242,787,102868,150338,0,0,12,15
179,s03-5v5-lmctf22,Field[SG],attack,1.314,225,863,96099,126236,0,0,16,5
179,s03-5v5-lmctf22,Trace[SG],attack,1.556,249,793,105770,164595,0,0,10,15
179,s03-5v5-lmctf22,Vore[SG],attack,1.488,243,786,94671,140900,2,0,12,7
179,s03-5v5-lmctf22,Fiend[SG],attack,1.450,238,779,90788,131655,1,0,8,9
179,s04-5v5-lmctf02c,Arach[SG],defend,1.277,38,706,22506,28740,0,0,3,0
179,s04-5v5-lmctf02c,Caco[SG],defend,1.509,167,795,78401,118292,0,0,2,0
179,s04-5v5-lmctf02c,Rune[SG],defend,1.467,230,793,108825,159615,0,0,2,3
179,s04-5v5-lmctf02c,Slip[SG],defend,1.352,226,785,92867,125541,0,0,0,0
179,s04-5v5-lmctf02c,Gate[SG],attack,1.973,223,785,108836,214770,0,0,1,3
179,s04-5v5-lmctf02c,Phase[SG],attack,1.708,228,798,105500,180174,0,0,7,5
179,s04-5v5-lmctf02c,Field[SG],attack,1.755,219,806,109847,192826,0,0,3,5
179,s04-5v5-lmctf02c,Trace[SG],attack,1.457,206,778,87250,127151,0,0,5,3
179,s04-5v5-lmctf02c,Vore[SG],attack,1.511,222,806,85332,128925,0,0,2,8
179,s04-5v5-lmctf02c,Fiend[SG],attack,1.634,227,806,94517,154476,0,0,7,5
179,s05-5v5-mactf06,Arach[SG],defend,0.353,246,757,15661,5525,0,0,7,1
179,s05-5v5-mactf06,Caco[SG],defend,0.800,175,748,22526,18030,0,0,2,2
179,s05-5v5-mactf06,Rune[SG],defend,0.953,241,752,18743,17856,0,0,1,3
179,s05-5v5-mactf06,Slip[SG],defend,1.039,247,776,42717,44366,0,0,3,1
179,s05-5v5-mactf06,Gate[SG],attack,1.382,225,800,100633,139081,0,0,3,8
179,s05-5v5-mactf06,Phase[SG],attack,1.318,227,774,103746,136749,0,0,5,5
179,s05-5v5-mactf06,Field[SG],attack,1.542,226,800,100892,155563,0,0,5,8
179,s05-5v5-mactf06,Trace[SG],attack,1.271,215,788,94514,120083,0,0,6,7
179,s05-5v5-mactf06,Vore[SG],attack,1.435,214,779,102346,146821,0,0,6,6
179,s05-5v5-mactf06,Fiend[SG],attack,1.399,234,775,89515,125203,0,0,8,5
179,s06-5v5-lmctf05,Arach[SG],defend,0.794,48,757,9830,7807,0,0,0,0
179,s06-5v5-lmctf05,Caco[SG],defend,1.217,210,845,41128,50062,0,0,2,3
179,s06-5v5-lmctf05,Rune[SG],defend,0.982,218,774,56460,55469,0,0,2,2
179,s06-5v5-lmctf05,Slip[SG],defend,0.999,189,791,85260,85172,0,0,4,3
179,s06-5v5-lmctf05,Gate[SG],attack,1.773,172,779,83877,148703,2,0,7,9
179,s06-5v5-lmctf05,Phase[SG],attack,2.032,151,779,75933,154261,0,0,10,5
179,s06-5v5-lmctf05,Field[SG],attack,1.878,129,781,67327,126422,0,0,12,8
179,s06-5v5-lmctf05,Trace[SG],attack,1.634,170,810,60940,99589,1,0,3,6
179,s06-5v5-lmctf05,Vore[SG],attack,1.717,148,793,59314,101826,0,0,1,5
179,s06-5v5-lmctf05,Fiend[SG],attack,1.803,162,743,32925,59352,0,0,3,3
179,s07-5v5-lmctf01,Arach[SG],defend,1.094,10,735,2852,3120,0,0,4,0
179,s07-5v5-lmctf01,Caco[SG],defend,0.169,114,303,5907,996,0,0,0,0
179,s07-5v5-lmctf01,Rune[SG],defend,0.464,228,336,29184,13550,0,0,0,0
179,s07-5v5-lmctf01,Slip[SG],defend,0.635,221,706,39289,24940,0,0,0,0
179,s07-5v5-lmctf01,Gate[SG],attack,1.080,223,797,88065,95085,0,0,1,3
179,s07-5v5-lmctf01,Phase[SG],attack,1.285,181,802,82666,106218,0,0,1,3
179,s07-5v5-lmctf01,Field[SG],attack,1.220,168,798,73944,90246,0,0,3,2
179,s07-5v5-lmctf01,Trace[SG],attack,1.988,170,840,80714,160429,0,0,3,0
179,s07-5v5-lmctf01,Vore[SG],attack,1.181,175,790,71722,84693,0,0,3,3
179,s07-5v5-lmctf01,Fiend[SG],attack,1.325,142,956,68869,91271,0,0,0,4
179,s08-7v7-lmctf09,Arach[SG],defend,1.183,24,809,9550,11300,0,0,2,3
179,s08-7v7-lmctf09,Caco[SG],defend,1.100,70,762,27497,30250,0,0,4,1
179,s08-7v7-lmctf09,Rune[SG],defend,1.007,234,724,65876,66336,0,0,7,0
179,s08-7v7-lmctf09,Slip[SG],defend,1.326,204,771,37191,49301,0,0,5,2
179,s08-7v7-lmctf09,Gate[SG],attack,1.553,209,780,90782,140957,1,0,4,7
179,s08-7v7-lmctf09,Phase[SG],attack,1.813,220,797,105992,192190,0,0,13,8
179,s08-7v7-lmctf09,Field[SG],attack,1.548,198,806,84218,130375,1,0,5,14
179,s08-7v7-lmctf09,Trace[SG],attack,1.552,216,794,97260,150927,0,0,5,6
179,s08-7v7-lmctf09,Vore[SG],attack,1.691,210,808,91048,153932,0,0,12,18
179,s08-7v7-lmctf09,Fiend[SG],attack,1.696,216,792,98853,167607,1,0,12,14
179,s08-7v7-lmctf09,Scrag[SG],attack,1.725,217,800,100562,173488,0,0,17,9
179,s08-7v7-lmctf09,Ogre[SG],attack,1.644,191,796,91157,149839,1,0,6,3
179,s08-7v7-lmctf09,Knight[SG],attack,1.518,243,994,106007,160954,0,0,10,11
179,s08-7v7-lmctf09,Wizard[SG],attack,1.543,226,847,98348,151780,0,0,4,11
179,s09-7v7-lmctf09,Arach[SG],defend,1.177,29,799,15484,18218,0,0,5,1
179,s09-7v7-lmctf09,Caco[SG],defend,1.263,89,808,31353,39602,0,0,7,4
179,s09-7v7-lmctf09,Rune[SG],defend,1.232,221,758,77201,95086,0,0,6,6
179,s09-7v7-lmctf09,Slip[SG],defend,1.581,131,775,54052,85442,0,0,2,7
179,s09-7v7-lmctf09,Gate[SG],attack,1.519,203,809,89033,135241,0,0,10,6
179,s09-7v7-lmctf09,Phase[SG],attack,1.623,225,801,102380,166116,1,0,17,11
179,s09-7v7-lmctf09,Field[SG],attack,1.768,213,880,94596,167233,1,0,13,8
179,s09-7v7-lmctf09,Trace[SG],attack,1.791,224,799,101576,181905,1,0,13,10
179,s09-7v7-lmctf09,Vore[SG],attack,1.919,214,809,98118,188309,0,0,3,10
179,s09-7v7-lmctf09,Fiend[SG],attack,1.638,234,814,106328,174178,0,0,7,11
179,s09-7v7-lmctf09,Scrag[SG],attack,1.808,227,796,106856,193150,1,0,16,8
179,s09-7v7-lmctf09,Ogre[SG],attack,1.501,184,800,90487,135815,0,0,6,21
179,s09-7v7-lmctf09,Knight[SG],attack,1.820,200,809,87769,159700,0,0,11,16
179,s09-7v7-lmctf09,Wizard[SG],attack,1.516,195,800,91144,138164,0,0,10,8
179,s10-5v1-smap05,Arach[SG],defend,2.113,4,745,1567,3310,0,0,3,0
179,s10-5v1-smap05,Caco[SG],recover,0.878,193,781,95527,83883,0,0,1,12
179,s10-5v1-smap05,Rune[SG],attack,0.702,221,773,56458,39613,1,1,3,1
179,s10-5v1-smap05,Slip[SG],attack,0.887,212,794,68373,60624,0,0,2,0
179,s10-5v1-smap05,Gate[SG],attack,0.913,213,779,56046,51193,0,0,1,0
179,s10-5v1-smap05,Phase[SG],carry,1.092,232,784,61980,67669,2,0,3,0
180,s01-2v2-lmctf03,Arach[SG],defend,1.164,2,749,1331,1550,0,0,0,0
180,s01-2v2-lmctf03,Caco[SG],defend,0.189,249,777,10874,2055,0,0,0,0
180,s01-2v2-lmctf03,Rune[SG],attack,1.779,173,770,66198,117734,0,0,1,0
180,s01-2v2-lmctf03,Slip[SG],attack,1.517,143,779,58098,88142,0,0,0,1
180,s02-2v2-lmctf03,Arach[SG],defend,1.902,79,779,35278,67103,0,0,0,0
180,s02-2v2-lmctf03,Caco[SG],defend,0.189,249,777,10874,2055,0,0,0,0
180,s02-2v2-lmctf03,Rune[SG],attack,1.474,165,785,78725,116047,0,0,2,1
180,s02-2v2-lmctf03,Slip[SG],attack,1.131,229,779,97455,110232,0,0,1,2
180,s03-5v5-lmctf22,Arach[SG],defend,0.682,233,772,28881,19689,0,0,2,3
180,s03-5v5-lmctf22,Caco[SG],defend,0.852,213,779,37058,31565,0,0,3,6
180,s03-5v5-lmctf22,Rune[SG],defend,1.027,195,782,62198,63873,0,0,5,4
180,s03-5v5-lmctf22,Slip[SG],defend,1.200,224,792,54580,65511,0,0,6,5
180,s03-5v5-lmctf22,Gate[SG],attack,0.984,186,788,81049,79718,0,0,4,0
180,s03-5v5-lmctf22,Phase[SG],attack,1.417,228,793,106315,150613,0,0,6,9
180,s03-5v5-lmctf22,Field[SG],attack,1.373,206,786,93678,128630,0,0,4,8
180,s03-5v5-lmctf22,Trace[SG],attack,1.373,235,794,103231,141758,2,0,17,8
180,s03-5v5-lmctf22,Vore[SG],attack,1.364,218,808,85775,116956,1,0,3,7
180,s03-5v5-lmctf22,Fiend[SG],attack,1.541,219,779,93412,143944,0,0,8,8
180,s04-5v5-lmctf02c,Arach[SG],defend,1.145,35,763,15329,17550,0,0,0,0
180,s04-5v5-lmctf02c,Caco[SG],defend,2.256,140,799,48221,108808,0,0,1,1
180,s04-5v5-lmctf02c,Rune[SG],defend,1.021,224,764,64161,65483,0,0,0,2
180,s04-5v5-lmctf02c,Slip[SG],defend,1.665,232,779,104925,174751,0,0,1,1
180,s04-5v5-lmctf02c,Gate[SG],attack,1.451,222,776,108359,157200,0,0,8,2
180,s04-5v5-lmctf02c,Phase[SG],attack,1.946,208,776,99600,193843,0,0,8,5
180,s04-5v5-lmctf02c,Field[SG],attack,1.646,217,806,85687,141001,0,0,2,5
180,s04-5v5-lmctf02c,Trace[SG],attack,1.719,207,783,93034,159913,0,0,8,1
180,s04-5v5-lmctf02c,Vore[SG],attack,1.844,207,806,96838,178598,0,0,1,8
180,s04-5v5-lmctf02c,Fiend[SG],attack,1.908,222,806,93195,177836,0,0,5,10
180,s05-5v5-mactf06,Arach[SG],defend,0.115,175,612,11284,1300,0,0,3,1
180,s05-5v5-mactf06,Caco[SG],defend,1.287,220,782,35315,45434,0,0,6,1
180,s05-5v5-mactf06,Rune[SG],defend,0.241,259,696,3532,850,0,0,5,0
180,s05-5v5-mactf06,Slip[SG],defend,1.645,247,764,32312,53140,0,0,2,0
180,s05-5v5-mactf06,Gate[SG],attack,1.247,232,770,107908,134554,0,0,8,1
180,s05-5v5-mactf06,Phase[SG],attack,1.402,225,802,100458,140841,0,0,13,8
180,s05-5v5-mactf06,Field[SG],attack,1.351,223,800,94552,127771,0,0,1,11
180,s05-5v5-mactf06,Trace[SG],attack,1.243,236,788,105044,130555,0,0,5,5
180,s05-5v5-mactf06,Vore[SG],attack,1.428,230,800,99513,142124,0,0,2,17
180,s05-5v5-mactf06,Fiend[SG],attack,1.391,235,784,97465,135530,0,0,3,5
180,s06-5v5-lmctf05,Arach[SG],defend,1.123,152,800,49675,55784,0,0,4,4
180,s06-5v5-lmctf05,Caco[SG],defend,1.359,51,778,15722,21367,0,0,1,2
180,s06-5v5-lmctf05,Rune[SG],defend,0.982,215,774,44925,44131,0,0,6,3
180,s06-5v5-lmctf05,Slip[SG],defend,0.724,228,777,87809,63534,0,0,3,1
180,s06-5v5-lmctf05,Gate[SG],attack,2.020,159,771,50817,102625,0,0,5,7
180,s06-5v5-lmctf05,Phase[SG],attack,1.904,158,786,83620,159241,0,0,3,8
180,s06-5v5-lmctf05,Field[SG],attack,2.273,139,779,72651,165123,0,0,10,9
180,s06-5v5-lmctf05,Trace[SG],attack,1.648,202,778,90754,149527,0,0,6,7
180,s06-5v5-lmctf05,Vore[SG],attack,1.825,135,773,67690,123503,0,0,9,6
180,s06-5v5-lmctf05,Fiend[SG],attack,1.713,150,752,45323,77654,1,0,6,6
180,s07-5v5-lmctf01,Arach[SG],defend,1.256,1,285,1190,1495,0,0,4,0
180,s07-5v5-lmctf01,Caco[SG],defend,0.249,86,320,5699,1421,0,0,2,0
180,s07-5v5-lmctf01,Rune[SG],defend,0.490,221,771,29999,14700,0,0,3,0
180,s07-5v5-lmctf01,Slip[SG],defend,0.793,222,706,38567,30565,0,0,4,0
180,s07-5v5-lmctf01,Gate[SG],attack,1.249,217,785,84969,106084,0,0,5,4
180,s07-5v5-lmctf01,Phase[SG],attack,1.548,185,802,82719,128081,0,0,3,3
180,s07-5v5-lmctf01,Field[SG],attack,1.304,187,793,80494,104982,0,0,3,5
180,s07-5v5-lmctf01,Trace[SG],attack,1.369,195,778,85327,116781,0,0,3,5
180,s07-5v5-lmctf01,Vore[SG],attack,1.433,193,800,87425,125317,0,0,0,7
180,s07-5v5-lmctf01,Fiend[SG],attack,1.308,174,800,78312,102427,0,0,3,6
180,s08-7v7-lmctf09,Arach[SG],defend,1.155,26,435,14866,17164,0,0,2,3
180,s08-7v7-lmctf09,Caco[SG],defend,0.915,31,780,12274,11225,0,0,6,6
180,s08-7v7-lmctf09,Rune[SG],defend,1.332,170,779,66789,88996,0,0,9,2
180,s08-7v7-lmctf09,Slip[SG],defend,1.332,187,800,49380,65781,0,0,3,10
180,s08-7v7-lmctf09,Gate[SG],attack,1.600,229,783,108302,173273,0,0,18,7
180,s08-7v7-lmctf09,Phase[SG],attack,1.599,227,791,104347,166826,0,0,22,9
180,s08-7v7-lmctf09,Field[SG],attack,1.605,177,787,85438,137151,0,0,8,17
180,s08-7v7-lmctf09,Trace[SG],attack,1.590,230,788,103761,164991,0,0,10,10
180,s08-7v7-lmctf09,Vore[SG],attack,1.750,185,798,95021,166311,0,0,6,13
180,s08-7v7-lmctf09,Fiend[SG],attack,1.482,202,776,92311,136798,0,0,13,11
180,s08-7v7-lmctf09,Scrag[SG],attack,1.526,215,795,94582,144328,0,0,18,10
180,s08-7v7-lmctf09,Ogre[SG],attack,1.729,210,786,101142,174865,0,0,11,14
180,s08-7v7-lmctf09,Knight[SG],attack,1.597,196,791,89652,143140,0,0,6,12
180,s08-7v7-lmctf09,Wizard[SG],attack,1.667,206,805,90390,150720,0,0,12,20
180,s09-7v7-lmctf09,Arach[SG],defend,1.892,51,781,23567,44583,0,0,9,2
180,s09-7v7-lmctf09,Caco[SG],defend,1.449,98,775,43986,63717,0,0,8,7
180,s09-7v7-lmctf09,Rune[SG],defend,1.094,239,791,56317,61623,0,0,6,1
180,s09-7v7-lmctf09,Slip[SG],defend,1.190,199,775,38520,45844,0,0,5,7
180,s09-7v7-lmctf09,Gate[SG],attack,1.802,219,906,102167,184139,1,0,5,22
180,s09-7v7-lmctf09,Phase[SG],attack,1.836,205,796,90352,165898,0,0,12,6
180,s09-7v7-lmctf09,Field[SG],attack,1.828,217,809,96327,176120,0,0,12,13
180,s09-7v7-lmctf09,Trace[SG],attack,1.650,202,804,86475,142685,0,0,14,18
180,s09-7v7-lmctf09,Vore[SG],attack,1.516,203,800,90721,137570,0,0,4,14
180,s09-7v7-lmctf09,Fiend[SG],attack,1.497,189,783,88240,132065,0,0,14,5
180,s09-7v7-lmctf09,Scrag[SG],attack,1.689,229,787,99538,168109,0,0,17,6
180,s09-7v7-lmctf09,Ogre[SG],attack,1.502,211,782,90085,135332,0,0,13,12
180,s09-7v7-lmctf09,Knight[SG],attack,1.603,192,777,87737,140686,0,0,7,14
180,s09-7v7-lmctf09,Wizard[SG],attack,1.980,221,778,100661,199321,2,0,11,10
180,s10-5v1-smap05,Arach[SG],defend,1.667,27,800,11296,18826,0,0,2,0
180,s10-5v1-smap05,Caco[SG],recover,1.276,216,789,98117,125221,1,0,14,14
180,s10-5v1-smap05,Rune[SG],attack,1.260,186,800,70163,88381,0,0,3,3
180,s10-5v1-smap05,Slip[SG],attack,1.229,170,800,67769,83299,1,0,1,5
180,s10-5v1-smap05,Gate[SG],attack,1.162,183,794,62251,72347,2,1,3,1
180,s10-5v1-smap05,Phase[SG],attack,1.352,193,1100,85256,115271,1,0,4,5
181,s01-2v2-lmctf03,Arach[SG],defend,1.930,104,779,45138,87100,0,0,0,0
181,s01-2v2-lmctf03,Caco[SG],defend,0.686,81,782,13249,9083,0,0,0,0
181,s01-2v2-lmctf03,Rune[SG],attack,2.050,160,773,54831,112428,0,0,0,0
181,s01-2v2-lmctf03,Slip[SG],attack,1.084,235,786,97304,105510,2,0,0,0
181,s02-2v2-lmctf03,Arach[SG],defend,1.150,26,776,12109,13925,0,0,0,1
181,s02-2v2-lmctf03,Caco[SG],defend,0.602,248,777,23384,14071,0,0,0,0
181,s02-2v2-lmctf03,Rune[SG],attack,1.404,212,791,71620,100532,0,0,1,1
181,s02-2v2-lmctf03,Slip[SG],attack,0.661,249,779,99869,65991,1,0,2,1
181,s03-5v5-lmctf22,Arach[SG],defend,1.122,235,744,48261,54172,0,0,2,2
181,s03-5v5-lmctf22,Caco[SG],defend,1.291,158,782,49484,63873,0,0,3,5
181,s03-5v5-lmctf22,Rune[SG],defend,1.014,236,776,59436,60285,0,0,5,2
181,s03-5v5-lmctf22,Slip[SG],defend,0.979,239,777,67683,66228,0,0,5,3
181,s03-5v5-lmctf22,Gate[SG],attack,1.094,193,775,79956,87461,0,0,2,2
181,s03-5v5-lmctf22,Phase[SG],attack,1.534,248,786,97165,149022,1,0,13,7
181,s03-5v5-lmctf22,Field[SG],attack,1.458,233,896,97467,142110,2,0,7,7
181,s03-5v5-lmctf22,Trace[SG],attack,1.580,241,777,98408,155489,1,0,10,9
181,s03-5v5-lmctf22,Vore[SG],attack,1.349,210,788,94680,127677,0,0,3,8
181,s03-5v5-lmctf22,Fiend[SG],attack,1.577,220,792,95104,149993,0,0,4,9
181,s04-5v5-lmctf02c,Arach[SG],defend,0.964,69,746,30134,29050,0,0,1,0
181,s04-5v5-lmctf02c,Caco[SG],defend,4.317,222,794,101127,436602,0,0,0,3
181,s04-5v5-lmctf02c,Rune[SG],defend,1.047,219,779,79679,83410,0,0,0,2
181,s04-5v5-lmctf02c,Slip[SG],defend,1.658,226,801,92760,153821,0,0,2,1
181,s04-5v5-lmctf02c,Gate[SG],attack,1.886,191,778,92645,174700,0,0,9,9
181,s04-5v5-lmctf02c,Phase[SG],attack,1.501,230,777,103060,154684,0,0,3,1
181,s04-5v5-lmctf02c,Field[SG],attack,1.562,221,806,93038,145291,0,0,5,3
181,s04-5v5-lmctf02c,Trace[SG],attack,1.436,231,784,99773,143276,0,0,1,1
181,s04-5v5-lmctf02c,Vore[SG],attack,1.747,225,806,103839,181360,0,0,1,6
181,s04-5v5-lmctf02c,Fiend[SG],attack,3.151,254,787,29972,94431,0,0,5,1
181,s05-5v5-mactf06,Arach[SG],defend,1.069,247,766,29852,31900,0,0,1,1
181,s05-5v5-mactf06,Caco[SG],defend,1.008,243,701,27696,27906,0,0,2,1
181,s05-5v5-mactf06,Rune[SG],defend,0.405,236,756,7593,3075,0,0,3,2
181,s05-5v5-mactf06,Slip[SG],defend,0.071,250,653,12319,875,0,0,0,0
181,s05-5v5-mactf06,Gate[SG],attack,1.041,229,772,90768,94499,0,0,7,3
181,s05-5v5-mactf06,Phase[SG],attack,1.282,235,804,104325,133780,0,0,1,4
181,s05-5v5-mactf06,Field[SG],attack,1.412,240,785,107692,152032,0,0,4,5
181,s05-5v5-mactf06,Trace[SG],attack,1.378,241,807,104241,143637,0,0,6,5
181,s05-5v5-mactf06,Vore[SG],attack,1.437,233,781,106147,152525,0,0,4,5
181,s05-5v5-mactf06,Fiend[SG],attack,1.359,217,770,92410,125600,0,0,5,7
181,s06-5v5-lmctf05,Arach[SG],defend,0.815,198,787,49883,40668,0,0,3,2
181,s06-5v5-lmctf05,Caco[SG],defend,1.025,91,799,25602,26252,0,0,3,3
181,s06-5v5-lmctf05,Rune[SG],defend,0.899,233,795,67778,60959,0,0,0,2
181,s06-5v5-lmctf05,Slip[SG],defend,0.972,219,785,85863,83490,0,0,2,6
181,s06-5v5-lmctf05,Gate[SG],attack,1.814,165,767,35423,64268,1,0,5,4
181,s06-5v5-lmctf05,Phase[SG],attack,1.796,160,761,82261,147720,0,0,8,8
181,s06-5v5-lmctf05,Field[SG],attack,2.083,135,793,68859,143425,0,0,10,6
181,s06-5v5-lmctf05,Trace[SG],attack,1.986,172,775,85160,169130,0,0,14,7
181,s06-5v5-lmctf05,Vore[SG],attack,1.382,167,796,75401,104236,0,0,3,8
181,s06-5v5-lmctf05,Fiend[SG],attack,2.054,149,776,73762,151497,0,0,5,7
181,s07-5v5-lmctf01,Arach[SG],defend,1.221,36,794,15166,18520,0,0,5,1
181,s07-5v5-lmctf01,Caco[SG],defend,0.559,60,776,5400,3021,0,0,3,1
181,s07-5v5-lmctf01,Rune[SG],defend,0.790,232,761,43447,34325,0,0,1,1
181,s07-5v5-lmctf01,Slip[SG],defend,0.603,226,792,46059,27761,0,0,1,0
181,s07-5v5-lmctf01,Gate[SG],attack,2.000,199,783,83094,166162,0,0,1,1
181,s07-5v5-lmctf01,Phase[SG],attack,1.413,178,802,78768,111308,1,0,2,5
181,s07-5v5-lmctf01,Field[SG],attack,1.461,169,794,77308,112921,1,0,3,5
181,s07-5v5-lmctf01,Trace[SG],attack,1.430,198,793,86578,123820,0,0,5,5
181,s07-5v5-lmctf01,Vore[SG],attack,1.445,186,778,81979,118486,1,0,4,7
181,s07-5v5-lmctf01,Fiend[SG],attack,1.434,120,770,46019,65996,0,0,2,2
181,s08-7v7-lmctf09,Arach[SG],defend,1.461,58,776,27322,39926,0,0,3,4
181,s08-7v7-lmctf09,Caco[SG],defend,1.491,140,763,43081,64241,0,0,7,8
181,s08-7v7-lmctf09,Rune[SG],defend,1.156,220,775,58846,68035,0,0,7,3
181,s08-7v7-lmctf09,Slip[SG],defend,1.190,172,798,45834,54536,0,0,2,5
181,s08-7v7-lmctf09,Gate[SG],attack,1.549,227,777,96730,149815,1,0,10,11
181,s08-7v7-lmctf09,Phase[SG],attack,1.518,199,780,94071,142792,0,0,15,9
181,s08-7v7-lmctf09,Field[SG],attack,1.807,221,800,104643,189121,1,0,13,6
181,s08-7v7-lmctf09,Trace[SG],attack,1.527,221,884,97696,149211,1,0,12,5
181,s08-7v7-lmctf09,Vore[SG],attack,1.964,212,782,100777,197912,0,0,8,16
181,s08-7v7-lmctf09,Fiend[SG],attack,1.740,194,797,89028,154925,0,0,13,8
181,s08-7v7-lmctf09,Scrag[SG],attack,1.446,230,809,97942,141625,0,0,9,14
181,s08-7v7-lmctf09,Ogre[SG],attack,1.637,204,796,90049,147444,1,0,14,8
181,s08-7v7-lmctf09,Knight[SG],attack,1.576,209,800,89334,140780,0,0,5,10
181,s08-7v7-lmctf09,Wizard[SG],attack,1.533,231,801,105108,161101,0,0,4,16
181,s09-7v7-lmctf09,Arach[SG],defend,1.432,34,658,16942,24267,0,0,4,2
181,s09-7v7-lmctf09,Caco[SG],defend,1.427,68,734,28689,40941,0,0,1,6
181,s09-7v7-lmctf09,Rune[SG],defend,1.149,184,740,53682,61683,0,0,2,1
181,s09-7v7-lmctf09,Slip[SG],defend,1.111,186,770,51068,56742,0,0,4,5
181,s09-7v7-lmctf09,Gate[SG],attack,1.746,224,809,107984,188546,0,0,11,11
181,s09-7v7-lmctf09,Phase[SG],attack,1.718,238,809,110738,190288,0,0,21,14
181,s09-7v7-lmctf09,Field[SG],attack,1.712,205,782,95129,162881,0,0,6,13
181,s09-7v7-lmctf09,Trace[SG],attack,1.625,220,800,97233,157984,1,0,9,10
181,s09-7v7-lmctf09,Vore[SG],attack,1.725,228,784,105531,182067,1,0,10,11
181,s09-7v7-lmctf09,Fiend[SG],attack,1.653,204,800,94788,156703,0,0,14,9
181,s09-7v7-lmctf09,Scrag[SG],attack,1.763,188,790,96318,169802,1,0,15,6
181,s09-7v7-lmctf09,Ogre[SG],attack,1.726,214,798,98567,170146,0,0,12,13
181,s09-7v7-lmctf09,Knight[SG],attack,1.614,214,800,93903,151586,1,0,11,14
181,s09-7v7-lmctf09,Wizard[SG],attack,1.628,233,790,99458,161948,0,0,8,14
181,s10-5v1-smap05,Arach[SG],defend,2.113,4,745,1567,3310,0,0,0,0
181,s10-5v1-smap05,Caco[SG],recover,1.175,178,800,78962,92810,0,0,5,13
181,s10-5v1-smap05,Rune[SG],escort,1.121,213,778,65918,73892,1,0,3,0
181,s10-5v1-smap05,Slip[SG],attack,0.980,226,1100,74332,72834,0,0,2,0
181,s10-5v1-smap05,Gate[SG],attack,1.151,222,805,77694,89440,1,1,4,4
181,s10-5v1-smap05,Phase[SG],carry,1.036,226,794,80247,83150,2,0,4,1
182,s01-2v2-lmctf03,Arach[SG],defend,1.024,99,766,43019,44038,0,0,0,1
182,s01-2v2-lmctf03,Caco[SG],defend,0.595,156,779,13240,7880,0,0,0,0
182,s01-2v2-lmctf03,Rune[SG],attack,0.923,150,749,60466,55817,0,0,0,1
182,s01-2v2-lmctf03,Slip[SG],attack,1.118,239,787,100745,112660,1,0,2,0
182,s02-2v2-lmctf03,Arach[SG],defend,1.164,2,749,1331,1550,0,0,0,0
182,s02-2v2-lmctf03,Caco[SG],defend,0.189,249,777,10874,2055,0,0,0,0
182,s02-2v2-lmctf03,Rune[SG],attack,2.022,167,754,60771,122888,0,0,0,3
182,s02-2v2-lmctf03,Slip[SG],attack,0.568,244,779,98027,55689,0,0,3,0
182,s03-5v5-lmctf22,Arach[SG],defend,0.946,210,770,34794,32929,0,0,4,2
182,s03-5v5-lmctf22,Caco[SG],defend,0.989,213,795,54271,53663,0,0,1,5
182,s03-5v5-lmctf22,Rune[SG],defend,0.810,159,743,65651,53205,0,0,0,0
182,s03-5v5-lmctf22,Slip[SG],defend,1.322,218,784,69763,92193,0,0,1,11
182,s03-5v5-lmctf22,Gate[SG],attack,1.316,238,778,91250,120072,0,0,11,2
182,s03-5v5-lmctf22,Phase[SG],attack,1.372,249,793,100383,137765,2,0,19,5
182,s03-5v5-lmctf22,Field[SG],attack,1.410,217,785,90377,127447,0,0,2,7
182,s03-5v5-lmctf22,Trace[SG],attack,0.952,184,778,77955,74201,0,0,1,3
182,s03-5v5-lmctf22,Vore[SG],attack,1.516,223,786,88770,134599,1,0,2,6
182,s03-5v5-lmctf22,Fiend[SG],attack,1.559,228,779,97043,151264,0,0,6,6
182,s04-5v5-lmctf02c,Arach[SG],defend,1.352,45,753,23121,31250,0,0,0,0
182,s04-5v5-lmctf02c,Caco[SG],defend,1.618,249,769,124415,201273,0,0,3,1
182,s04-5v5-lmctf02c,Rune[SG],defend,1.385,244,785,127272,176298,0,0,1,0
182,s04-5v5-lmctf02c,Slip[SG],defend,1.274,235,782,95541,121674,0,0,0,0
182,s04-5v5-lmctf02c,Gate[SG],attack,1.635,214,782,108933,178141,0,0,3,4
182,s04-5v5-lmctf02c,Phase[SG],attack,1.677,214,785,98764,165593,0,0,8,5
182,s04-5v5-lmctf02c,Field[SG],attack,2.253,204,806,100389,226131,0,0,4,8
182,s04-5v5-lmctf02c,Trace[SG],attack,1.552,221,778,87116,135225,0,0,7,6
182,s04-5v5-lmctf02c,Vore[SG],attack,1.622,225,806,102038,165503,0,0,3,4
182,s04-5v5-lmctf02c,Fiend[SG],attack,1.697,232,800,101032,171463,0,0,5,6
182,s05-5v5-mactf06,Arach[SG],defend,0.711,177,775,26250,18656,0,0,4,0
182,s05-5v5-mactf06,Caco[SG],defend,0.981,246,853,21557,21156,0,0,2,1
182,s05-5v5-mactf06,Rune[SG],defend,0.154,248,321,9074,1400,0,0,1,1
182,s05-5v5-mactf06,Slip[SG],defend,1.213,225,744,18322,22228,0,0,2,1
182,s05-5v5-mactf06,Gate[SG],attack,1.136,224,790,99801,113386,0,0,5,5
182,s05-5v5-mactf06,Phase[SG],attack,1.231,218,800,100630,123828,0,0,11,5
182,s05-5v5-mactf06,Field[SG],attack,1.424,234,790,105816,150719,0,0,8,9
182,s05-5v5-mactf06,Trace[SG],attack,1.585,211,777,91480,144954,0,0,6,6
182,s05-5v5-mactf06,Vore[SG],attack,1.470,233,779,98703,145083,0,0,2,4
182,s05-5v5-mactf06,Fiend[SG],attack,1.438,234,779,98299,141388,0,0,3,12
182,s06-5v5-lmctf05,Arach[SG],defend,0.780,204,765,57048,44510,0,0,5,5
182,s06-5v5-lmctf05,Caco[SG],defend,1.560,130,778,52594,82030,0,0,1,4
182,s06-5v5-lmctf05,Rune[SG],defend,1.277,165,775,58188,74284,0,0,8,6
182,s06-5v5-lmctf05,Slip[SG],defend,1.235,210,778,89862,110946,0,0,9,5
182,s06-5v5-lmctf05,Gate[SG],attack,2.039,135,788,68550,139777,1,0,3,6
182,s06-5v5-lmctf05,Phase[SG],attack,2.002,151,794,73958,148065,1,0,9,6
182,s06-5v5-lmctf05,Field[SG],attack,2.001,156,779,52584,105207,0,0,3,4
182,s06-5v5-lmctf05,Trace[SG],attack,1.400,173,777,75951,106315,1,0,8,5
182,s06-5v5-lmctf05,Vore[SG],attack,1.571,178,781,79575,125023,0,0,12,14
182,s06-5v5-lmctf05,Fiend[SG],attack,2.126,169,803,54987,116925,0,0,3,6
182,s07-5v5-lmctf01,Arach[SG],defend,1.239,1,285,1207,1495,0,0,3,0
182,s07-5v5-lmctf01,Caco[SG],defend,0.317,48,294,2983,946,0,0,1,0
182,s07-5v5-lmctf01,Rune[SG],defend,0.376,227,360,24887,9350,0,0,0,0
182,s07-5v5-lmctf01,Slip[SG],defend,0.634,219,774,43000,27265,0,0,2,0
182,s07-5v5-lmctf01,Gate[SG],attack,1.276,185,761,79758,101776,0,0,2,4
182,s07-5v5-lmctf01,Phase[SG],attack,1.378,202,802,91018,125450,0,0,4,2
182,s07-5v5-lmctf01,Field[SG],attack,1.082,164,778,75017,81197,0,0,4,5
182,s07-5v5-lmctf01,Trace[SG],attack,1.409,196,800,88056,124044,0,0,2,2
182,s07-5v5-lmctf01,Vore[SG],attack,1.323,185,787,80831,106942,0,0,1,4
182,s07-5v5-lmctf01,Fiend[SG],attack,1.391,133,776,46821,65111,0,0,0,2
182,s08-7v7-lmctf09,Arach[SG],defend,0.884,48,403,4950,4375,0,0,5,0
182,s08-7v7-lmctf09,Caco[SG],defend,1.349,93,762,39852,53740,0,0,3,2
182,s08-7v7-lmctf09,Rune[SG],defend,0.894,217,734,50419,45072,0,0,0,0
182,s08-7v7-lmctf09,Slip[SG],defend,1.236,166,770,56100,69318,0,0,2,1
182,s08-7v7-lmctf09,Gate[SG],attack,1.675,212,799,95404,159756,1,0,13,4
182,s08-7v7-lmctf09,Phase[SG],attack,1.494,225,800,103181,154126,0,0,14,8
182,s08-7v7-lmctf09,Field[SG],attack,1.486,189,793,83337,123808,0,0,4,13
182,s08-7v7-lmctf09,Trace[SG],attack,1.654,200,808,94731,156646,1,0,6,10
182,s08-7v7-lmctf09,Vore[SG],attack,1.611,179,809,86174,138819,0,0,1,18
182,s08-7v7-lmctf09,Fiend[SG],attack,1.697,205,793,91855,155844,2,0,11,5
182,s08-7v7-lmctf09,Scrag[SG],attack,1.541,226,793,91809,141468,0,0,16,6
182,s08-7v7-lmctf09,Ogre[SG],attack,1.573,218,806,100195,157562,1,0,11,10
182,s08-7v7-lmctf09,Knight[SG],attack,1.560,203,800,84412,131723,0,0,8,18
182,s08-7v7-lmctf09,Wizard[SG],attack,1.664,209,794,103603,172345,0,0,3,4
182,s09-7v7-lmctf09,Arach[SG],defend,1.362,68,799,30789,41934,0,0,4,5
182,s09-7v7-lmctf09,Caco[SG],defend,1.336,142,809,62124,82973,0,0,10,9
182,s09-7v7-lmctf09,Rune[SG],defend,0.958,228,725,51540,49353,0,0,4,3
182,s09-7v7-lmctf09,Slip[SG],defend,1.178,132,772,52942,62381,0,0,1,6
182,s09-7v7-lmctf09,Gate[SG],attack,1.674,226,772,104992,175740,0,0,15,6
182,s09-7v7-lmctf09,Phase[SG],attack,1.684,230,809,108557,182764,0,0,18,11
182,s09-7v7-lmctf09,Field[SG],attack,1.729,212,799,98576,170478,1,0,7,14
182,s09-7v7-lmctf09,Trace[SG],attack,1.628,219,799,102792,167391,0,0,10,5
182,s09-7v7-lmctf09,Vore[SG],attack,1.587,191,799,90883,144200,0,0,9,19
182,s09-7v7-lmctf09,Fiend[SG],attack,1.794,220,791,101436,181983,0,0,11,9
182,s09-7v7-lmctf09,Scrag[SG],attack,1.741,233,790,107564,187260,1,0,18,13
182,s09-7v7-lmctf09,Ogre[SG],attack,1.595,177,763,82802,132107,0,0,6,5
182,s09-7v7-lmctf09,Knight[SG],attack,1.605,172,807,82319,132107,0,0,9,11
182,s09-7v7-lmctf09,Wizard[SG],attack,1.799,187,802,88324,158929,0,0,10,16
182,s10-5v1-smap05,Arach[SG],defend,2.113,4,745,1567,3310,0,0,2,0
182,s10-5v1-smap05,Caco[SG],recover,1.276,204,800,91826,117178,0,0,9,19
182,s10-5v1-smap05,Rune[SG],defend,1.074,201,787,70670,75930,0,0,4,4
182,s10-5v1-smap05,Slip[SG],attack,1.243,182,790,70669,87832,1,0,2,2
182,s10-5v1-smap05,Gate[SG],attack,1.374,191,800,79099,108693,2,1,5,3
182,s10-5v1-smap05,Phase[SG],attack,1.436,222,800,92817,133288,3,2,6,0
183,s01-2v2-lmctf03,Arach[SG],defend,1.164,2,749,1331,1550,0,0,0,0
183,s01-2v2-lmctf03,Caco[SG],defend,1.070,104,777,15556,16642,0,0,1,1
183,s01-2v2-lmctf03,Rune[SG],attack,1.235,157,767,64278,79383,0,0,1,2
183,s01-2v2-lmctf03,Slip[SG],attack,0.505,255,783,97770,49414,0,0,1,0
183,s02-2v2-lmctf03,Arach[SG],defend,0.398,175,793,66020,26300,0,0,0,0
183,s02-2v2-lmctf03,Caco[SG],defend,0.759,100,777,6982,5302,0,0,0,1
183,s02-2v2-lmctf03,Rune[SG],attack,1.198,167,773,75008,89852,0,0,1,2
183,s02-2v2-lmctf03,Slip[SG],attack,1.290,222,792,78215,100914,0,0,2,0
183,s03-5v5-lmctf22,Arach[SG],defend,0.806,232,784,29233,23549,0,0,3,2
183,s03-5v5-lmctf22,Caco[SG],defend,0.889,178,775,29811,26491,0,0,2,2
183,s03-5v5-lmctf22,Rune[SG],defend,0.625,201,758,42070,26277,0,0,2,0
183,s03-5v5-lmctf22,Slip[SG],defend,0.865,243,776,31643,27372,0,0,5,1
183,s03-5v5-lmctf22,Gate[SG],attack,1.475,238,783,102868,151781,0,0,13,16
183,s03-5v5-lmctf22,Phase[SG],attack,1.123,188,788,81499,91515,0,0,1,4
183,s03-5v5-lmctf22,Field[SG],attack,1.449,211,779,99721,144490,0,0,5,4
183,s03-5v5-lmctf22,Trace[SG],attack,1.362,230,782,93042,126704,0,0,7,6
183,s03-5v5-lmctf22,Vore[SG],attack,1.501,249,791,107928,162041,0,0,10,11
183,s03-5v5-lmctf22,Fiend[SG],attack,1.324,231,795,99447,131666,0,0,6,8
183,s04-5v5-lmctf02c,Arach[SG],defend,1.315,61,740,33564,44125,0,0,0,0
183,s04-5v5-lmctf02c,Caco[SG],defend,2.391,213,772,93898,224552,0,0,1,3
183,s04-5v5-lmctf02c,Rune[SG],defend,1.384,251,800,124734,172622,0,0,2,0
183,s04-5v5-lmctf02c,Slip[SG],defend,1.436,238,799,95098,136539,0,0,2,4
183,s04-5v5-lmctf02c,Gate[SG],attack,1.566,211,800,87875,137576,1,0,6,6
183,s04-5v5-lmctf02c,Phase[SG],attack,1.912,204,799,100979,193090,0,0,8,7
183,s04-5v5-lmctf02c,Field[SG],attack,1.717,218,778,87970,151036,0,0,7,4
183,s04-5v5-lmctf02c,Trace[SG],attack,1.575,205,800,104404,164389,0,0,2,6
183,s04-5v5-lmctf02c,Vore[SG],attack,1.361,219,758,93557,127308,0,0,3,4
183,s04-5v5-lmctf02c,Fiend[SG],attack,1.681,226,796,96823,162715,0,0,6,3
183,s05-5v5-mactf06,Arach[SG],defend,0.762,245,612,23082,17584,0,0,1,1
183,s05-5v5-mactf06,Caco[SG],defend,1.897,79,701,16079,30509,0,0,7,0
183,s05-5v5-mactf06,Rune[SG],defend,0.090,246,757,11984,1075,0,0,3,0
183,s05-5v5-mactf06,Slip[SG],defend,0.693,236,771,35271,24453,0,0,2,0
183,s05-5v5-mactf06,Gate[SG],attack,1.357,225,800,100868,136885,0,0,5,11
183,s05-5v5-mactf06,Phase[SG],attack,1.225,205,789,97130,119023,0,0,10,12
183,s05-5v5-mactf06,Field[SG],attack,1.357,230,774,102707,139347,0,0,4,9
183,s05-5v5-mactf06,Trace[SG],attack,1.717,233,779,101415,174110,0,0,9,7
183,s05-5v5-mactf06,Vore[SG],attack,1.503,233,800,101126,151949,0,0,10,10
183,s05-5v5-mactf06,Fiend[SG],attack,1.345,222,778,95651,128618,0,0,8,9
183,s06-5v5-lmctf05,Arach[SG],defend,1.706,126,773,41092,70110,0,0,3,5
183,s06-5v5-lmctf05,Caco[SG],defend,1.127,194,790,58916,66384,0,0,0,5
183,s06-5v5-lmctf05,Rune[SG],defend,0.814,216,779,62679,51050,0,0,3,4
183,s06-5v5-lmctf05,Slip[SG],defend,0.831,221,781,86639,71977,0,0,5,5
183,s06-5v5-lmctf05,Gate[SG],attack,2.180,167,800,83839,182780,0,0,7,10
183,s06-5v5-lmctf05,Phase[SG],attack,1.500,161,781,80190,120303,1,0,6,6
183,s06-5v5-lmctf05,Field[SG],attack,1.623,167,783,78886,128051,1,0,7,9
183,s06-5v5-lmctf05,Trace[SG],attack,1.618,196,798,88732,143606,2,0,6,4
183,s06-5v5-lmctf05,Vore[SG],attack,1.518,140,791,66378,100752,0,0,15,6
183,s06-5v5-lmctf05,Fiend[SG],attack,2.434,153,770,25373,61771,0,0,2,0
183,s07-5v5-lmctf01,Arach[SG],defend,1.256,1,285,1190,1495,0,0,2,0
183,s07-5v5-lmctf01,Caco[SG],defend,0.960,182,770,29646,28464,0,0,4,2
183,s07-5v5-lmctf01,Rune[SG],defend,0.421,226,436,26213,11025,0,0,0,0
183,s07-5v5-lmctf01,Slip[SG],defend,0.695,230,746,46110,32040,0,0,2,1
183,s07-5v5-lmctf01,Gate[SG],attack,1.430,216,801,88587,126672,0,0,4,10
183,s07-5v5-lmctf01,Phase[SG],attack,1.363,213,802,87713,119566,0,0,3,4
183,s07-5v5-lmctf01,Field[SG],attack,1.296,182,779,82384,106766,0,0,8,6
183,s07-5v5-lmctf01,Trace[SG],attack,1.230,225,787,90054,110748,0,0,4,8
183,s07-5v5-lmctf01,Vore[SG],attack,1.347,180,800,78561,105856,0,0,2,2
183,s07-5v5-lmctf01,Fiend[SG],attack,1.591,170,800,76963,122427,1,0,6,3
183,s08-7v7-lmctf09,Arach[SG],defend,0.784,11,401,4018,3150,0,0,9,0
183,s08-7v7-lmctf09,Caco[SG],defend,1.489,70,778,27632,41156,0,0,5,3
183,s08-7v7-lmctf09,Rune[SG],defend,1.092,225,752,63934,69844,0,0,2,4
183,s08-7v7-lmctf09,Slip[SG],defend,1.415,224,769,39741,56242,0,0,1,3
183,s08-7v7-lmctf09,Gate[SG],attack,1.666,232,786,109894,183079,0,0,9,10
183,s08-7v7-lmctf09,Phase[SG],attack,2.020,208,784,99851,201738,1,0,10,13
183,s08-7v7-lmctf09,Field[SG],attack,1.541,206,776,95490,147130,0,0,5,9
183,s08-7v7-lmctf09,Trace[SG],attack,1.736,197,786,95644,166042,0,0,11,7
183,s08-7v7-lmctf09,Vore[SG],attack,1.719,228,809,101825,174997,1,0,11,13
183,s08-7v7-lmctf09,Fiend[SG],attack,1.831,186,794,89709,164237,0,0,8,13
183,s08-7v7-lmctf09,Scrag[SG],attack,1.742,195,799,93334,162544,0,0,13,16
183,s08-7v7-lmctf09,Ogre[SG],attack,1.772,190,806,91509,162112,1,0,12,14
183,s08-7v7-lmctf09,Knight[SG],attack,1.589,216,793,98529,156604,1,0,19,9
183,s08-7v7-lmctf09,Wizard[SG],attack,1.704,224,799,94970,161868,0,0,9,12
183,s09-7v7-lmctf09,Arach[SG],defend,1.156,22,799,10310,11916,0,0,6,2
183,s09-7v7-lmctf09,Caco[SG],defend,0.699,66,696,20319,14200,0,0,7,5
183,s09-7v7-lmctf09,Rune[SG],defend,1.113,199,774,62928,70008,0,0,4,1
183,s09-7v7-lmctf09,Slip[SG],defend,1.559,194,799,31455,49053,0,0,2,4
183,s09-7v7-lmctf09,Gate[SG],attack,1.527,227,784,103538,158051,0,0,9,8
183,s09-7v7-lmctf09,Phase[SG],attack,1.601,199,799,83999,134506,0,0,11,5
183,s09-7v7-lmctf09,Field[SG],attack,1.719,219,772,99480,170970,0,0,3,9
183,s09-7v7-lmctf09,Trace[SG],attack,1.781,215,807,102247,182116,0,0,12,15
183,s09-7v7-lmctf09,Vore[SG],attack,1.748,219,787,93517,163444,0,0,6,11
183,s09-7v7-lmctf09,Fiend[SG],attack,1.848,211,803,98933,182860,1,0,8,5
183,s09-7v7-lmctf09,Scrag[SG],attack,1.717,218,792,92402,158660,0,0,11,7
183,s09-7v7-lmctf09,Ogre[SG],attack,1.765,213,798,94185,166235,1,0,11,12
183,s09-7v7-lmctf09,Knight[SG],attack,1.491,214,803,98923,147517,0,0,4,12
183,s09-7v7-lmctf09,Wizard[SG],attack,1.704,196,780,90458,154129,2,0,10,8
183,s10-5v1-smap05,Arach[SG],defend,1.060,31,768,13632,14455,0,0,1,1
183,s10-5v1-smap05,Caco[SG],recover,1.119,203,800,89826,100489,2,0,7,14
183,s10-5v1-smap05,Rune[SG],attack,0.617,215,778,59247,36545,0,0,5,2
183,s10-5v1-smap05,Slip[SG],attack,1.167,213,767,69597,81229,1,1,4,1
183,s10-5v1-smap05,Gate[SG],carry,1.105,210,777,63628,70330,1,0,0,1
183,s10-5v1-smap05,Phase[SG],escort,1.160,207,1100,64596,74938,0,0,4,2
184,s01-2v2-lmctf03,Arach[SG],defend,0.727,153,751,60168,43760,0,0,0,0
184,s01-2v2-lmctf03,Caco[SG],defend,0.893,55,777,4959,4430,0,0,0,1
184,s01-2v2-lmctf03,Rune[SG],attack,1.446,152,796,76245,110227,1,0,1,1
184,s01-2v2-lmctf03,Slip[SG],attack,1.574,181,800,53467,84163,0,0,1,0
184,s02-2v2-lmctf03,Arach[SG],defend,1.927,70,774,31114,59955,0,0,0,0
184,s02-2v2-lmctf03,Caco[SG],defend,0.444,102,784,9468,4205,0,0,0,0
184,s02-2v2-lmctf03,Rune[SG],attack,1.255,130,763,62340,78243,0,0,0,2
184,s02-2v2-lmctf03,Slip[SG],attack,1.392,183,779,68746,95718,1,0,2,0
184,s03-5v5-lmctf22,Arach[SG],defend,0.995,163,774,28694,28549,0,0,6,2
184,s03-5v5-lmctf22,Caco[SG],defend,1.128,30,777,7937,8950,0,0,2,1
184,s03-5v5-lmctf22,Rune[SG],defend,1.066,230,778,41937,44696,0,0,6,4
184,s03-5v5-lmctf22,Slip[SG],defend,0.861,216,785,40338,34732,0,0,2,2
184,s03-5v5-lmctf22,Gate[SG],attack,1.400,234,777,100958,141304,0,0,10,13
184,s03-5v5-lmctf22,Phase[SG],attack,0.861,158,772,66355,57131,0,0,3,1
184,s03-5v5-lmctf22,Field[SG],attack,1.415,242,785,99077,140172,0,0,7,8
184,s03-5v5-lmctf22,Trace[SG],attack,1.375,201,776,91630,125946,1,0,9,7
184,s03-5v5-lmctf22,Vore[SG],attack,1.510,238,795,104500,157825,0,0,4,12
184,s03-5v5-lmctf22,Fiend[SG],attack,1.484,227,775,100437,149071,1,0,12,11
184,s04-5v5-lmctf02c,Arach[SG],defend,1.464,90,800,48985,71731,0,0,0,2
184,s04-5v5-lmctf02c,Caco[SG],defend,2.147,49,795,23620,50711,0,0,0,0
184,s04-5v5-lmctf02c,Rune[SG],defend,1.295,238,778,106801,138285,0,0,1,0
184,s04-5v5-lmctf02c,Slip[SG],defend,1.434,219,768,85675,122841,0,0,0,1
184,s04-5v5-lmctf02c,Gate[SG],attack,1.799,237,778,103189,185597,0,0,1,3
184,s04-5v5-lmctf02c,Phase[SG],attack,1.576,204,768,97895,154252,0,0,6,6
184,s04-5v5-lmctf02c,Field[SG],attack,1.663,224,806,92119,153187,0,0,5,7
184,s04-5v5-lmctf02c,Trace[SG],attack,1.835,225,777,108208,198567,0,0,11,3
184,s04-5v5-lmctf02c,Vore[SG],attack,1.689,220,806,93790,158391,0,0,5,3
184,s04-5v5-lmctf02c,Fiend[SG],attack,1.900,212,835,92712,176133,0,0,4,8
184,s05-5v5-mactf06,Arach[SG],defend,0.857,172,765,27101,23215,0,0,3,2
184,s05-5v5-mactf06,Caco[SG],defend,1.591,235,778,31314,49812,0,0,0,1
184,s05-5v5-mactf06,Rune[SG],defend,0.778,238,706,27779,21613,0,0,4,0
184,s05-5v5-mactf06,Slip[SG],defend,0.310,243,653,16993,5275,0,0,5,0
184,s05-5v5-mactf06,Gate[SG],attack,1.351,225,784,94912,128218,0,0,15,9
184,s05-5v5-mactf06,Phase[SG],attack,1.504,239,774,95918,144236,0,0,4,3
184,s05-5v5-mactf06,Field[SG],attack,1.556,228,800,91647,142623,0,0,3,8
184,s05-5v5-mactf06,Trace[SG],attack,1.655,227,800,98263,162581,0,0,9,3
184,s05-5v5-mactf06,Vore[SG],attack,1.590,236,781,93118,148097,0,0,4,12
184,s05-5v5-mactf06,Fiend[SG],attack,1.563,226,785,99230,155080,0,0,5,15
184,s06-5v5-lmctf05,Arach[SG],defend,1.053,137,776,39661,41762,0,0,1,0
184,s06-5v5-lmctf05,Caco[SG],defend,1.697,169,793,29249,49631,0,0,0,0
184,s06-5v5-lmctf05,Rune[SG],defend,1.364,200,775,66511,90694,0,0,3,7
184,s06-5v5-lmctf05,Slip[SG],defend,0.908,203,790,81091,73598,0,0,5,1
184,s06-5v5-lmctf05,Gate[SG],attack,1.552,171,788,81072,125855,1,0,5,11
184,s06-5v5-lmctf05,Phase[SG],attack,1.629,165,783,75394,122804,0,0,2,2
184,s06-5v5-lmctf05,Field[SG],attack,2.027,150,800,71952,145875,1,0,8,5
184,s06-5v5-lmctf05,Trace[SG],attack,1.997,131,780,70801,141399,2,0,5,4
184,s06-5v5-lmctf05,Vore[SG],attack,1.888,153,776,76449,144304,0,0,6,4
184,s06-5v5-lmctf05,Fiend[SG],attack,2.295,113,748,39931,91655,0,0,5,6
184,s07-5v5-lmctf01,Arach[SG],defend,1.256,1,285,1190,1495,0,0,0,0
184,s07-5v5-lmctf01,Caco[SG],defend,0.587,65,734,6258,3671,0,0,4,1
184,s07-5v5-lmctf01,Rune[SG],defend,0.534,223,531,28842,15400,0,0,0,0
184,s07-5v5-lmctf01,Slip[SG],defend,0.721,222,769,50679,36515,0,0,2,0
184,s07-5v5-lmctf01,Gate[SG],attack,1.212,209,776,93048,112770,0,0,8,5
184,s07-5v5-lmctf01,Phase[SG],attack,1.453,189,802,84536,122856,0,0,1,5
184,s07-5v5-lmctf01,Field[SG],attack,1.838,170,777,78125,143606,0,0,4,6
184,s07-5v5-lmctf01,Trace[SG],attack,1.181,211,776,81877,96662,0,0,7,0
184,s07-5v5-lmctf01,Vore[SG],attack,1.675,167,787,75132,125879,0,0,0,4
184,s07-5v5-lmctf01,Fiend[SG],attack,1.292,132,799,54100,69887,0,0,0,5
184,s08-7v7-lmctf09,Arach[SG],defend,1.392,68,776,32696,45499,0,0,8,2
184,s08-7v7-lmctf09,Caco[SG],defend,1.047,50,809,17120,17926,0,0,4,2
184,s08-7v7-lmctf09,Rune[SG],defend,1.071,223,764,48568,52011,0,0,4,3
184,s08-7v7-lmctf09,Slip[SG],defend,1.166,193,798,38275,44621,0,0,3,2
184,s08-7v7-lmctf09,Gate[SG],attack,1.830,227,782,106412,194780,0,0,12,10
184,s08-7v7-lmctf09,Phase[SG],attack,1.571,249,802,114187,179395,0,0,12,6
184,s08-7v7-lmctf09,Field[SG],attack,1.654,206,816,97797,161780,1,0,11,16
184,s08-7v7-lmctf09,Trace[SG],attack,1.784,229,800,100532,179330,0,0,16,12
184,s08-7v7-lmctf09,Vore[SG],attack,1.585,215,797,103743,164392,1,0,7,17
184,s08-7v7-lmctf09,Fiend[SG],attack,1.608,219,804,95252,153180,1,0,10,5
184,s08-7v7-lmctf09,Scrag[SG],attack,1.617,233,792,111103,179636,0,0,11,17
184,s08-7v7-lmctf09,Ogre[SG],attack,1.558,172,774,63715,99250,1,0,2,8
184,s08-7v7-lmctf09,Knight[SG],attack,1.531,203,928,93489,143122,0,0,11,14
184,s08-7v7-lmctf09,Wizard[SG],attack,1.425,205,800,83582,119133,0,0,17,14
184,s09-7v7-lmctf09,Arach[SG],defend,1.198,57,744,14465,17330,0,0,7,2
184,s09-7v7-lmctf09,Caco[SG],defend,1.321,158,771,54410,71865,0,0,2,2
184,s09-7v7-lmctf09,Rune[SG],defend,1.254,232,809,62212,78002,0,0,5,6
184,s09-7v7-lmctf09,Slip[SG],defend,1.022,174,765,51654,52803,0,0,2,5
184,s09-7v7-lmctf09,Gate[SG],attack,1.624,203,809,98307,159692,1,0,13,10
184,s09-7v7-lmctf09,Phase[SG],attack,1.746,217,809,102524,179018,2,0,4,11
184,s09-7v7-lmctf09,Field[SG],attack,1.652,197,799,91182,150588,0,0,5,14
184,s09-7v7-lmctf09,Trace[SG],attack,1.633,206,841,93051,151962,0,0,8,10
184,s09-7v7-lmctf09,Vore[SG],attack,1.685,223,809,105871,178351,0,0,13,9
184,s09-7v7-lmctf09,Fiend[SG],attack,1.699,215,799,105013,178426,1,0,9,12
184,s09-7v7-lmctf09,Scrag[SG],attack,1.550,176,799,83608,129580,0,0,7,11
184,s09-7v7-lmctf09,Ogre[SG],attack,1.898,212,780,104213,197794,0,0,8,4
184,s09-7v7-lmctf09,Knight[SG],attack,1.650,211,804,95123,156984,1,0,16,10
184,s09-7v7-lmctf09,Wizard[SG],attack,1.758,189,797,85423,150187,0,0,16,9
184,s10-5v1-smap05,Arach[SG],defend,2.765,4,745,1779,4920,0,0,2,1
184,s10-5v1-smap05,Caco[SG],recover,1.379,218,1100,100184,138155,0,0,9,11
184,s10-5v1-smap05,Rune[SG],defend,0.876,203,762,59093,51793,1,0,1,0
184,s10-5v1-smap05,Slip[SG],attack,1.259,202,794,81840,103033,3,1,2,5
184,s10-5v1-smap05,Gate[SG],attack,1.296,225,1103,78271,101432,2,1,3,0
184,s10-5v1-smap05,Phase[SG],attack,1.132,188,796,76762,86906,1,0,3,3
185,s01-2v2-lmctf03,Arach[SG],defend,0.835,11,764,5570,4650,0,0,0,1
185,s01-2v2-lmctf03,Caco[SG],defend,0.189,249,777,10889,2055,0,0,0,0
185,s01-2v2-lmctf03,Rune[SG],attack,1.285,187,789,80194,103052,0,0,0,1
185,s01-2v2-lmctf03,Slip[SG],attack,0.776,252,779,107107,83083,0,0,2,0
185,s02-2v2-lmctf03,Arach[SG],defend,1.164,2,749,1331,1550,0,0,0,0
185,s02-2v2-lmctf03,Caco[SG],defend,1.022,107,781,23294,23816,0,0,0,1
185,s02-2v2-lmctf03,Rune[SG],attack,1.227,165,774,72311,88690,0,0,1,0
185,s02-2v2-lmctf03,Slip[SG],attack,1.439,177,779,55986,80566,0,0,0,0
185,s03-5v5-lmctf22,Arach[SG],defend,0.361,246,765,17229,6225,0,0,7,0
185,s03-5v5-lmctf22,Caco[SG],defend,1.036,155,782,47487,49192,0,0,2,3
185,s03-5v5-lmctf22,Rune[SG],defend,0.851,201,783,58267,49597,0,0,0,1
185,s03-5v5-lmctf22,Slip[SG],defend,0.834,199,775,49835,41582,0,0,4,2
185,s03-5v5-lmctf22,Gate[SG],attack,1.410,230,782,100538,141745,1,0,11,7
185,s03-5v5-lmctf22,Phase[SG],attack,1.207,233,783,88879,107308,1,0,9,5
185,s03-5v5-lmctf22,Field[SG],attack,1.307,233,794,102508,133978,0,0,5,13
185,s03-5v5-lmctf22,Trace[SG],attack,1.284,236,961,94450,121316,1,1,10,5
185,s03-5v5-lmctf22,Vore[SG],attack,1.277,232,783,105982,135294,0,0,4,10
185,s03-5v5-lmctf22,Fiend[SG],attack,1.275,224,799,93234,118877,0,0,3,9
185,s04-5v5-lmctf02c,Arach[SG],defend,1.103,23,738,11607,12800,0,0,0,0
185,s04-5v5-lmctf02c,Caco[SG],defend,2.037,227,808,97582,198747,0,0,5,7
185,s04-5v5-lmctf02c,Rune[SG],defend,0.995,224,798,76903,76536,0,0,1,1
185,s04-5v5-lmctf02c,Slip[SG],defend,1.262,222,778,87295,110157,0,0,1,0
185,s04-5v5-lmctf02c,Gate[SG],attack,1.939,210,785,100168,194190,0,0,6,3
185,s04-5v5-lmctf02c,Phase[SG],attack,2.273,247,788,47094,107026,0,0,13,5
185,s04-5v5-lmctf02c,Field[SG],attack,1.783,226,806,106699,190295,0,0,3,4
185,s04-5v5-lmctf02c,Trace[SG],attack,1.839,214,779,107285,197334,0,0,3,4
185,s04-5v5-lmctf02c,Vore[SG],attack,2.257,214,793,99431,224388,0,0,0,6
185,s04-5v5-lmctf02c,Fiend[SG],attack,1.780,235,793,109271,194472,0,0,4,6
185,s05-5v5-mactf06,Arach[SG],defend,0.034,250,612,11701,400,0,0,1,0
185,s05-5v5-mactf06,Caco[SG],defend,1.831,256,777,35494,64993,0,0,5,0
185,s05-5v5-mactf06,Rune[SG],defend,0.249,247,327,8018,2000,0,0,4,0
185,s05-5v5-mactf06,Slip[SG],defend,0.724,250,757,28057,20323,0,0,0,1
185,s05-5v5-mactf06,Gate[SG],attack,1.280,231,792,96741,123868,0,0,8,5
185,s05-5v5-mactf06,Phase[SG],attack,1.644,238,800,99452,163484,0,0,8,4
185,s05-5v5-mactf06,Field[SG],attack,1.240,214,774,102750,127407,0,0,2,10
185,s05-5v5-mactf06,Trace[SG],attack,1.174,217,775,91133,106969,0,0,3,6
185,s05-5v5-mactf06,Vore[SG],attack,1.601,223,758,91152,145961,0,0,2,9
185,s05-5v5-mactf06,Fiend[SG],attack,1.268,224,795,95303,120841,0,0,6,4
185,s06-5v5-lmctf05,Arach[SG],defend,1.083,193,771,61192,66285,0,0,4,7
185,s06-5v5-lmctf05,Rune[SG],defend,0.871,222,785,55992,48784,0,0,3,2
185,s06-5v5-lmctf05,Slip[SG],defend,0.819,234,779,94863,77707,0,0,3,1
185,s06-5v5-lmctf05,Gate[SG],attack,1.855,164,769,80114,148593,0,0,0,8
185,s06-5v5-lmctf05,Phase[SG],attack,1.656,143,779,76484,126643,0,0,6,6
185,s06-5v5-lmctf05,Field[SG],attack,2.177,162,771,78824,171612,1,0,18,7
185,s06-5v5-lmctf05,Trace[SG],attack,1.844,143,771,73341,135216,0,0,3,6
185,s06-5v5-lmctf05,Vore[SG],attack,2.228,108,728,8085,18012,0,0,0,0
185,s06-5v5-lmctf05,Fiend[SG],attack,1.837,152,781,75973,139583,0,0,7,10
185,s07-5v5-lmctf01,Arach[SG],defend,0.664,28,433,4242,2815,0,0,4,1
185,s07-5v5-lmctf01,Caco[SG],defend,1.167,128,774,40239,46970,0,0,4,1
185,s07-5v5-lmctf01,Rune[SG],defend,0.625,226,791,43396,27105,0,0,1,0
185,s07-5v5-lmctf01,Slip[SG],defend,0.755,217,772,51451,38822,0,0,2,2
185,s07-5v5-lmctf01,Gate[SG],attack,1.261,221,791,99903,125979,1,0,2,6
185,s07-5v5-lmctf01,Phase[SG],attack,1.349,189,802,82808,111715,0,0,3,6
185,s07-5v5-lmctf01,Field[SG],attack,1.592,176,779,84007,133714,1,0,2,1
185,s07-5v5-lmctf01,Trace[SG],attack,1.282,221,802,88849,113868,2,0,5,4
185,s07-5v5-lmctf01,Vore[SG],attack,1.619,178,807,79081,128022,0,0,6,10
185,s07-5v5-lmctf01,Fiend[SG],attack,1.490,147,775,62766,93496,0,0,3,2
185,s08-7v7-lmctf09,Arach[SG],defend,1.074,71,777,30972,33262,0,0,7,4
185,s08-7v7-lmctf09,Caco[SG],defend,0.976,70,737,26947,26300,0,0,5,2
185,s08-7v7-lmctf09,Rune[SG],defend,1.086,215,801,71897,78059,0,0,2,1
185,s08-7v7-lmctf09,Slip[SG],defend,1.316,209,781,46828,61605,0,0,4,1
185,s08-7v7-lmctf09,Gate[SG],attack,1.702,222,809,101896,173429,0,0,4,11
185,s08-7v7-lmctf09,Phase[SG],attack,1.766,178,792,82726,146078,0,0,17,10
185,s08-7v7-lmctf09,Field[SG],attack,1.646,221,806,100314,165074,0,0,11,6
185,s08-7v7-lmctf09,Trace[SG],attack,1.719,206,799,90874,156211,0,0,7,10
185,s08-7v7-lmctf09,Vore[SG],attack,1.717,237,809,109754,188397,0,0,9,7
185,s08-7v7-lmctf09,Fiend[SG],attack,1.550,218,800,96197,149106,0,0,6,10
185,s08-7v7-lmctf09,Scrag[SG],attack,1.632,214,779,99075,161678,0,0,12,10
185,s08-7v7-lmctf09,Ogre[SG],attack,1.745,208,789,97407,170002,0,0,11,10
185,s08-7v7-lmctf09,Knight[SG],attack,1.786,208,799,100564,179565,0,0,9,16
185,s08-7v7-lmctf09,Wizard[SG],attack,1.676,212,800,105966,177605,0,0,7,13
185,s09-7v7-lmctf09,Arach[SG],defend,1.566,139,795,57421,89904,0,0,8,1
185,s09-7v7-lmctf09,Caco[SG],defend,0.790,32,443,11081,8750,0,0,2,1
185,s09-7v7-lmctf09,Rune[SG],defend,1.156,182,776,63727,73648,0,0,6,0
185,s09-7v7-lmctf09,Slip[SG],defend,1.575,194,772,32889,51811,0,0,6,3
185,s09-7v7-lmctf09,Gate[SG],attack,1.657,214,799,104926,173851,0,0,8,5
185,s09-7v7-lmctf09,Phase[SG],attack,1.738,212,800,95771,166412,0,0,15,7
185,s09-7v7-lmctf09,Field[SG],attack,1.428,212,781,98067,139991,0,0,4,10
185,s09-7v7-lmctf09,Trace[SG],attack,1.628,203,784,95393,155287,1,0,13,4
185,s09-7v7-lmctf09,Vore[SG],attack,1.616,207,855,99423,160693,1,0,4,12
185,s09-7v7-lmctf09,Fiend[SG],attack,1.645,200,800,93223,153350,0,0,15,10
185,s09-7v7-lmctf09,Scrag[SG],attack,1.693,217,800,94883,160676,0,0,9,7
185,s09-7v7-lmctf09,Ogre[SG],attack,1.935,199,798,87567,169448,0,0,8,15
185,s09-7v7-lmctf09,Knight[SG],attack,1.650,219,800,96806,159684,1,0,7,11
185,s09-7v7-lmctf09,Wizard[SG],attack,1.576,220,799,91325,143948,0,0,3,22
185,s10-5v1-smap05,Arach[SG],defend,2.113,4,745,1567,3310,0,0,2,0
185,s10-5v1-smap05,Caco[SG],attack,1.396,182,798,75985,106068,0,0,3,9
185,s10-5v1-smap05,Rune[SG],defend,0.816,219,779,63202,51587,0,0,5,0
185,s10-5v1-smap05,Slip[SG],attack,1.162,223,1100,54833,63743,2,1,1,2
185,s10-5v1-smap05,Gate[SG],attack,1.083,210,784,56164,60815,1,0,0,1
185,s10-5v1-smap05,Phase[SG],attack,1.075,217,800,59059,63482,1,0,1,0
186,s01-2v2-lmctf03,Arach[SG],defend,1.164,2,749,1331,1550,0,0,0,0
186,s01-2v2-lmctf03,Caco[SG],defend,0.189,249,777,10874,2055,0,0,0,0
186,s01-2v2-lmctf03,Rune[SG],attack,0.949,148,749,66256,62850,0,0,1,0
186,s01-2v2-lmctf03,Slip[SG],attack,1.679,137,779,61709,103608,0,0,0,1
186,s02-2v2-lmctf03,Arach[SG],defend,0.839,7,749,2830,2375,0,0,0,0
186,s02-2v2-lmctf03,Caco[SG],defend,1.000,60,777,4518,4518,0,0,1,1
186,s02-2v2-lmctf03,Rune[SG],attack,1.883,173,749,57262,107799,1,0,1,2
186,s02-2v2-lmctf03,Slip[SG],attack,0.568,248,779,99754,56634,0,0,1,0
186,s03-5v5-lmctf02c,Arach[SG],defend,1.420,108,792,49093,69713,0,0,0,5
186,s03-5v5-lmctf02c,Caco[SG],defend,1.670,85,753,37227,62180,0,0,0,1
186,s03-5v5-lmctf02c,Rune[SG],defend,1.324,217,806,105323,139478,0,0,5,0
186,s03-5v5-lmctf02c,Slip[SG],defend,1.555,206,806,95646,148699,0,0,1,2
186,s03-5v5-lmctf02c,Gate[SG],attack,1.538,215,774,100822,155108,1,0,4,2
186,s03-5v5-lmctf02c,Phase[SG],attack,1.814,209,799,97849,177510,0,0,9,7
186,s03-5v5-lmctf02c,Field[SG],attack,1.832,203,800,86364,158242,0,0,6,6
186,s03-5v5-lmctf02c,Trace[SG],attack,2.023,209,779,96791,195771,0,0,5,4
186,s03-5v5-lmctf02c,Vore[SG],attack,1.816,217,806,99411,180546,0,0,4,6
186,s03-5v5-lmctf02c,Fiend[SG],attack,1.478,229,784,89451,132222,1,0,7,8
186,s04-5v5-mactf06,Arach[SG],defend,0.326,247,743,17302,5642,0,0,1,2
186,s04-5v5-mactf06,Caco[SG],defend,0.975,224,782,25595,24956,0,0,2,1
186,s04-5v5-mactf06,Rune[SG],defend,0.912,235,746,24878,22688,0,0,1,1
186,s04-5v5-mactf06,Slip[SG],defend,1.157,241,758,24064,27836,0,0,1,1
186,s04-5v5-mactf06,Gate[SG],attack,1.231,225,800,90285,111177,1,0,8,4
186,s04-5v5-mactf06,Phase[SG],attack,1.369,238,775,104691,143343,0,0,5,6
186,s04-5v5-mactf06,Field[SG],attack,1.289,249,800,110440,142408,0,0,6,6
186,s04-5v5-mactf06,Trace[SG],attack,1.111,227,774,102208,113511,0,0,4,2
186,s04-5v5-mactf06,Vore[SG],attack,1.264,241,800,104897,132565,0,0,2,7
186,s04-5v5-mactf06,Fiend[SG],attack,1.300,239,800,97201,126383,0,0,4,4
186,s05-5v5-lmctf05,Arach[SG],defend,0.801,195,780,48473,38839,0,0,2,2
186,s05-5v5-lmctf05,Caco[SG],defend,1.592,54,777,25364,40390,0,0,2,2
186,s05-5v5-lmctf05,Rune[SG],defend,0.735,214,775,64345,47292,0,0,2,2
186,s05-5v5-lmctf05,Slip[SG],defend,1.047,215,790,86638,90733,0,0,3,5
186,s05-5v5-lmctf05,Gate[SG],attack,1.798,149,776,67731,121807,0,0,7,5
186,s05-5v5-lmctf05,Phase[SG],attack,1.580,142,768,69572,109928,0,0,11,9
186,s05-5v5-lmctf05,Field[SG],attack,1.760,155,782,50825,89467,0,0,1,5
186,s05-5v5-lmctf05,Trace[SG],attack,1.983,143,779,71625,142036,2,0,9,2
186,s05-5v5-lmctf05,Vore[SG],attack,1.840,167,777,72779,133897,0,0,9,13
186,s05-5v5-lmctf05,Fiend[SG],attack,1.321,202,777,55425,73219,1,0,5,6
186,s06-5v5-lmctf01,Arach[SG],defend,1.254,1,285,1193,1495,0,0,2,0
186,s06-5v5-lmctf01,Caco[SG],defend,0.068,249,294,11756,796,0,0,0,0
186,s06-5v5-lmctf01,Rune[SG],defend,0.448,231,523,24117,10800,0,0,2,0
186,s06-5v5-lmctf01,Slip[SG],defend,0.551,225,706,34171,18840,0,0,0,0
186,s06-5v5-lmctf01,Gate[SG],attack,2.016,168,777,73333,147860,0,0,1,8
186,s06-5v5-lmctf01,Phase[SG],attack,1.439,189,802,82631,118893,0,0,5,0
186,s06-5v5-lmctf01,Field[SG],attack,1.276,186,804,80408,102566,0,0,4,4
186,s06-5v5-lmctf01,Trace[SG],attack,1.126,203,779,85601,96422,0,0,0,3
186,s06-5v5-lmctf01,Vore[SG],attack,1.308,149,792,69563,90961,0,0,3,1
186,s06-5v5-lmctf01,Fiend[SG],attack,1.296,177,791,73530,95278,1,0,4,5
186,s07-5v5-lmctf22,Arach[SG],defend,1.118,160,779,37835,42300,0,0,7,2
186,s07-5v5-lmctf22,Caco[SG],defend,0.736,144,775,19205,14125,0,0,5,1
186,s07-5v5-lmctf22,Rune[SG],defend,0.996,182,772,69920,69656,0,0,0,5
186,s07-5v5-lmctf22,Slip[SG],defend,0.887,244,784,43279,38373,0,0,4,3
186,s07-5v5-lmctf22,Gate[SG],attack,1.265,213,791,81835,103551,0,0,3,8
186,s07-5v5-lmctf22,Phase[SG],attack,1.364,247,797,104203,142136,1,0,12,11
186,s07-5v5-lmctf22,Field[SG],attack,1.509,220,801,100160,151128,0,0,8,13
186,s07-5v5-lmctf22,Trace[SG],attack,1.451,238,814,104168,151152,0,0,9,11
186,s07-5v5-lmctf22,Vore[SG],attack,1.367,229,787,93535,127818,0,0,12,9
186,s07-5v5-lmctf22,Fiend[SG],attack,1.410,249,789,105813,149156,2,0,8,5
186,s08-7v7-lmctf09,Arach[SG],defend,1.423,145,774,64670,92038,0,0,4,11
186,s08-7v7-lmctf09,Caco[SG],defend,1.126,128,778,51528,58041,0,0,1,3
186,s08-7v7-lmctf09,Rune[SG],defend,1.341,206,785,73062,97942,0,0,5,8
186,s08-7v7-lmctf09,Slip[SG],defend,1.255,206,781,61915,77695,0,0,4,4
186,s08-7v7-lmctf09,Gate[SG],attack,1.791,195,772,15840,28366,0,0,1,3
186,s08-7v7-lmctf09,Phase[SG],attack,1.593,224,800,107339,171011,0,0,12,14
186,s08-7v7-lmctf09,Field[SG],attack,1.609,206,800,86330,138907,0,0,18,4
186,s08-7v7-lmctf09,Trace[SG],attack,1.517,209,806,94270,143023,0,0,9,9
186,s08-7v7-lmctf09,Vore[SG],attack,1.710,230,779,67351,115152,1,0,11,8
186,s08-7v7-lmctf09,Fiend[SG],attack,1.680,189,789,89686,150711,0,0,8,8
186,s08-7v7-lmctf09,Scrag[SG],attack,1.516,192,783,86377,130980,0,0,10,10
186,s08-7v7-lmctf09,Ogre[SG],attack,1.822,245,786,108541,197730,0,0,12,10
186,s08-7v7-lmctf09,Knight[SG],attack,1.586,217,800,94269,149468,1,0,10,6
186,s08-7v7-lmctf09,Wizard[SG],attack,1.687,199,799,95793,161575,1,0,7,14
186,s09-7v7-lmctf09,Arach[SG],defend,2.029,9,574,4823,9787,0,0,10,1
186,s09-7v7-lmctf09,Caco[SG],defend,1.259,85,767,38521,48492,0,0,7,9
186,s09-7v7-lmctf09,Rune[SG],defend,1.041,167,773,46503,48396,0,0,2,1
186,s09-7v7-lmctf09,Slip[SG],defend,1.214,148,770,53596,65057,0,0,3,6
186,s09-7v7-lmctf09,Gate[SG],attack,1.635,225,799,100355,164124,2,0,15,8
186,s09-7v7-lmctf09,Phase[SG],attack,1.762,224,800,98485,173523,0,0,19,8
186,s09-7v7-lmctf09,Field[SG],attack,1.750,192,799,89584,156800,0,0,7,18
186,s09-7v7-lmctf09,Trace[SG],attack,1.673,205,799,97995,163989,1,0,12,14
186,s09-7v7-lmctf09,Vore[SG],attack,1.865,199,799,96978,180884,0,0,10,13
186,s09-7v7-lmctf09,Fiend[SG],attack,1.766,223,780,98659,174249,2,0,13,5
186,s09-7v7-lmctf09,Scrag[SG],attack,1.675,205,776,91173,152717,1,0,12,8
186,s09-7v7-lmctf09,Ogre[SG],attack,1.587,186,809,86235,136845,0,0,9,16
186,s09-7v7-lmctf09,Knight[SG],attack,1.568,174,807,73140,114676,1,0,6,10
186,s09-7v7-lmctf09,Wizard[SG],attack,1.676,206,784,95066,159347,0,0,3,13
186,s10-5v1-smap05,Arach[SG],defend,2.793,4,745,1779,4970,0,0,0,0
186,s10-5v1-smap05,Caco[SG],recover,1.215,191,796,86314,104835,0,0,5,13
186,s10-5v1-smap05,Rune[SG],attack,0.761,221,793,64903,49421,0,0,1,2
186,s10-5v1-smap05,Slip[SG],attack,1.095,226,1100,68809,75378,2,0,3,2
186,s10-5v1-smap05,Gate[SG],attack,0.932,204,797,69466,64775,0,0,6,0
186,s10-5v1-smap05,Phase[SG],attack,1.327,216,796,71252,94523,1,1,3,1
187,s01-2v2-lmctf03,Arach[SG],defend,1.156,40,749,12745,14733,0,0,0,0
187,s01-2v2-lmctf03,Caco[SG],defend,0.189,249,777,10874,2055,0,0,0,0
187,s01-2v2-lmctf03,Rune[SG],attack,1.311,174,807,80763,105909,0,0,1,0
187,s01-2v2-lmctf03,Slip[SG],attack,0.948,231,787,94489,89546,0,0,0,1
187,s02-2v2-lmctf03,Arach[SG],defend,0.906,43,777,20587,18648,0,0,1,0
187,s02-2v2-lmctf03,Caco[SG],defend,0.189,249,777,10874,2055,0,0,0,0
187,s02-2v2-lmctf03,Rune[SG],attack,0.948,154,777,59366,56284,0,0,0,1
187,s02-2v2-lmctf03,Slip[SG],attack,0.812,205,779,80097,65070,0,0,1,1
187,s03-5v5-mactf06,Arach[SG],defend,0.805,248,774,29565,23795,0,0,4,3
187,s03-5v5-mactf06,Caco[SG],defend,1.093,246,749,26317,28756,0,0,1,4
187,s03-5v5-mactf06,Rune[SG],defend,1.076,229,751,23122,24888,0,0,5,1
187,s03-5v5-mactf06,Slip[SG],defend,0.955,235,758,26905,25681,0,0,5,2
187,s03-5v5-mactf06,Gate[SG],attack,1.409,229,794,105353,148477,0,0,11,10
187,s03-5v5-mactf06,Phase[SG],attack,1.449,226,779,89041,129014,0,0,10,6
187,s03-5v5-mactf06,Field[SG],attack,1.455,227,785,101069,147068,0,0,6,11
187,s03-5v5-mactf06,Trace[SG],attack,1.441,229,779,102582,147789,0,0,3,4
187,s03-5v5-mactf06,Vore[SG],attack,1.357,203,778,86956,117960,0,0,4,11
187,s03-5v5-mactf06,Fiend[SG],attack,1.361,224,782,104478,142234,0,0,7,6
187,s04-5v5-lmctf05,Arach[SG],defend,1.336,154,706,56031,74863,0,0,5,7
187,s04-5v5-lmctf05,Caco[SG],defend,1.223,139,775,59831,73171,0,0,4,3
187,s04-5v5-lmctf05,Rune[SG],defend,1.188,196,793,65094,77351,0,0,6,3
187,s04-5v5-lmctf05,Slip[SG],defend,1.460,183,779,73000,106564,0,0,1,7
187,s04-5v5-lmctf05,Gate[SG],attack,1.702,173,780,83684,142394,2,0,10,9
187,s04-5v5-lmctf05,Phase[SG],attack,1.312,159,774,68750,90178,1,0,7,2
187,s04-5v5-lmctf05,Field[SG],attack,1.577,166,754,81069,127874,0,0,2,10
187,s04-5v5-lmctf05,Trace[SG],attack,1.727,150,773,72637,125455,0,0,11,5
187,s04-5v5-lmctf05,Vore[SG],attack,1.838,157,804,73217,134540,0,0,4,6
187,s04-5v5-lmctf05,Fiend[SG],attack,1.830,157,799,74317,135991,1,0,15,13
187,s05-5v5-lmctf01,Arach[SG],defend,1.256,1,285,1190,1495,0,0,1,0
187,s05-5v5-lmctf01,Caco[SG],defend,0.959,92,779,13871,13296,0,0,1,1
187,s05-5v5-lmctf01,Rune[SG],defend,0.495,231,744,32174,15925,0,0,0,0
187,s05-5v5-lmctf01,Slip[SG],defend,0.959,225,784,61086,58559,0,0,0,2
187,s05-5v5-lmctf01,Gate[SG],attack,1.288,192,789,75062,96680,0,0,1,1
187,s05-5v5-lmctf01,Phase[SG],attack,1.205,209,802,85553,103123,1,0,5,1
187,s05-5v5-lmctf01,Field[SG],attack,1.364,132,800,60605,82692,0,0,0,0
187,s05-5v5-lmctf01,Trace[SG],attack,1.737,200,799,87220,151507,0,0,2,2
187,s05-5v5-lmctf01,Vore[SG],attack,1.480,166,796,72480,107294,0,0,1,4
187,s05-5v5-lmctf01,Fiend[SG],attack,1.488,178,800,76336,113606,0,0,2,2
187,s06-5v5-lmctf22,Arach[SG],defend,1.126,191,790,41734,46973,0,0,5,6
187,s06-5v5-lmctf22,Caco[SG],defend,0.660,131,775,24278,16018,0,0,3,1
187,s06-5v5-lmctf22,Rune[SG],defend,1.224,203,802,51851,63446,0,0,1,4
187,s06-5v5-lmctf22,Slip[SG],defend,0.922,238,772,35979,33188,0,0,1,3
187,s06-5v5-lmctf22,Gate[SG],attack,1.369,229,785,100976,138255,0,0,11,8
187,s06-5v5-lmctf22,Phase[SG],attack,1.012,190,775,75351,76291,0,0,5,1
187,s06-5v5-lmctf22,Field[SG],attack,1.545,238,793,102147,157819,1,0,9,10
187,s06-5v5-lmctf22,Trace[SG],attack,1.329,240,782,99225,131903,0,0,10,7
187,s06-5v5-lmctf22,Vore[SG],attack,1.368,232,781,102102,139678,1,0,8,10
187,s06-5v5-lmctf22,Fiend[SG],attack,1.462,244,792,89454,130764,0,0,4,8
187,s07-5v5-lmctf02c,Arach[SG],defend,1.363,128,789,66827,91095,0,0,2,0
187,s07-5v5-lmctf02c,Caco[SG],defend,2.307,220,777,105420,243243,0,0,5,6
187,s07-5v5-lmctf02c,Rune[SG],defend,1.497,224,794,105486,157874,0,0,6,8
187,s07-5v5-lmctf02c,Slip[SG],defend,2.233,217,778,94444,210885,0,0,0,1
187,s07-5v5-lmctf02c,Gate[SG],attack,1.870,213,778,104529,195492,0,0,3,2
187,s07-5v5-lmctf02c,Phase[SG],attack,2.019,227,798,98252,198370,0,0,6,7
187,s07-5v5-lmctf02c,Field[SG],attack,1.923,217,806,100838,193879,0,0,5,7
187,s07-5v5-lmctf02c,Trace[SG],attack,1.565,198,782,93460,146220,1,0,2,2
187,s07-5v5-lmctf02c,Vore[SG],attack,1.435,222,806,98573,141415,0,0,6,3
187,s07-5v5-lmctf02c,Fiend[SG],attack,1.895,228,807,80204,152015,0,0,3,2
187,s08-7v7-lmctf09,Arach[SG],defend,1.844,36,808,17317,31927,0,0,3,8
187,s08-7v7-lmctf09,Caco[SG],defend,1.232,114,777,40475,49864,0,0,6,5
187,s08-7v7-lmctf09,Rune[SG],defend,1.368,200,778,82863,113347,0,0,8,2
187,s08-7v7-lmctf09,Slip[SG],defend,1.381,191,789,78520,108403,0,0,4,10
187,s08-7v7-lmctf09,Gate[SG],attack,1.463,207,809,99491,145515,0,0,11,7
187,s08-7v7-lmctf09,Phase[SG],attack,1.579,220,775,100393,158526,1,0,15,10
187,s08-7v7-lmctf09,Field[SG],attack,1.923,213,795,107818,207326,0,0,11,13
187,s08-7v7-lmctf09,Trace[SG],attack,1.639,205,809,92842,152176,0,0,10,9
187,s08-7v7-lmctf09,Vore[SG],attack,1.645,213,800,92629,152355,0,0,9,10
187,s08-7v7-lmctf09,Fiend[SG],attack,1.743,206,800,96696,168554,1,0,5,17
187,s08-7v7-lmctf09,Scrag[SG],attack,1.552,217,799,97230,150918,0,0,7,4
187,s08-7v7-lmctf09,Ogre[SG],attack,1.646,202,798,98522,162146,1,0,5,8
187,s08-7v7-lmctf09,Knight[SG],attack,1.907,232,805,108214,206345,0,0,14,9
187,s08-7v7-lmctf09,Wizard[SG],attack,1.662,233,774,97693,162391,1,0,8,4
187,s09-7v7-lmctf09,Arach[SG],defend,0.873,39,710,14369,12550,0,0,7,3
187,s09-7v7-lmctf09,Caco[SG],defend,1.378,82,783,28572,39364,0,0,6,4
187,s09-7v7-lmctf09,Rune[SG],defend,1.113,230,762,65251,72613,0,0,6,2
187,s09-7v7-lmctf09,Slip[SG],defend,1.157,162,781,55343,64017,0,0,2,1
187,s09-7v7-lmctf09,Gate[SG],attack,1.958,193,785,91216,178585,1,0,9,10
187,s09-7v7-lmctf09,Phase[SG],attack,1.676,221,800,99682,167077,0,0,11,5
187,s09-7v7-lmctf09,Field[SG],attack,1.495,187,774,92105,137708,0,0,4,5
187,s09-7v7-lmctf09,Trace[SG],attack,1.718,221,781,101359,174183,0,0,7,11
187,s09-7v7-lmctf09,Vore[SG],attack,1.729,178,796,80298,138862,3,0,11,11
187,s09-7v7-lmctf09,Fiend[SG],attack,1.883,228,779,105446,198603,0,0,6,10
187,s09-7v7-lmctf09,Scrag[SG],attack,1.633,216,800,97861,159820,1,0,7,7
187,s09-7v7-lmctf09,Ogre[SG],attack,1.676,213,806,96105,161055,0,0,9,12
187,s09-7v7-lmctf09,Knight[SG],attack,1.561,205,799,90032,140520,0,0,8,14
187,s09-7v7-lmctf09,Wizard[SG],attack,1.697,221,781,101491,172222,0,0,7,6
187,s10-5v1-smap05,Arach[SG],defend,2.156,20,809,10812,23310,0,0,3,2
187,s10-5v1-smap05,Caco[SG],recover,1.377,190,787,76802,105734,1,0,11,11
187,s10-5v1-smap05,Rune[SG],defend,1.242,211,788,85737,106478,0,0,0,2
187,s10-5v1-smap05,Slip[SG],attack,1.528,193,1100,75730,115712,3,0,0,4
187,s10-5v1-smap05,Gate[SG],attack,1.560,200,800,80690,125837,3,1,4,2
187,s10-5v1-smap05,Phase[SG],attack,1.403,188,794,76564,107448,2,1,4,1
188,s01-2v2-lmctf03,Arach[SG],defend,1.164,2,749,1331,1550,0,0,0,0
188,s01-2v2-lmctf03,Caco[SG],defend,0.189,249,777,10859,2055,0,0,0,0
188,s01-2v2-lmctf03,Rune[SG],attack,1.327,182,750,83642,110970,0,0,1,1
188,s01-2v2-lmctf03,Slip[SG],attack,0.757,224,793,94253,71352,0,0,1,1
188,s02-2v2-lmctf03,Arach[SG],defend,1.164,2,749,1331,1550,0,0,0,0
188,s02-2v2-lmctf03,Caco[SG],defend,0.189,249,777,10873,2055,0,0,0,0
188,s02-2v2-lmctf03,Rune[SG],attack,1.082,180,776,73606,79634,0,0,0,0
188,s02-2v2-lmctf03,Slip[SG],attack,0.546,244,779,91471,49902,0,0,0,0
188,s03-5v5-lmctf05,Arach[SG],defend,1.462,120,792,46595,68102,0,0,2,4
188,s03-5v5-lmctf05,Caco[SG],defend,1.845,80,798,31144,57473,0,0,0,2
188,s03-5v5-lmctf05,Rune[SG],defend,1.120,219,778,36362,40733,0,0,2,1
188,s03-5v5-lmctf05,Slip[SG],defend,1.050,177,792,73247,76892,0,0,6,2
188,s03-5v5-lmctf05,Gate[SG],attack,1.639,142,741,74565,122237,0,0,8,6
188,s03-5v5-lmctf05,Phase[SG],attack,1.884,181,807,83564,157413,0,0,3,7
188,s03-5v5-lmctf05,Field[SG],attack,1.701,152,788,71266,121222,1,0,6,7
188,s03-5v5-lmctf05,Trace[SG],attack,1.752,172,797,85519,149844,0,0,1,7
188,s03-5v5-lmctf05,Vore[SG],attack,2.083,138,772,68183,141996,1,0,8,4
188,s03-5v5-lmctf05,Fiend[SG],attack,1.747,126,781,55031,96160,0,0,4,1
188,s04-5v5-lmctf01,Arach[SG],defend,1.256,1,285,1190,1495,0,0,1,0
188,s04-5v5-lmctf01,Caco[SG],defend,1.559,24,760,9663,15064,0,0,0,0
188,s04-5v5-lmctf01,Rune[SG],defend,0.984,228,777,47238,46480,0,0,4,3
188,s04-5v5-lmctf01,Slip[SG],defend,0.671,216,746,47547,31890,0,0,3,1
188,s04-5v5-lmctf01,Gate[SG],attack,1.657,188,778,83964,139150,0,0,5,5
188,s04-5v5-lmctf01,Phase[SG],attack,1.418,199,800,90416,128228,1,0,1,2
188,s04-5v5-lmctf01,Field[SG],attack,1.290,155,793,64918,83724,0,0,4,6
188,s04-5v5-lmctf01,Trace[SG],attack,1.456,173,778,80263,116888,1,0,4,4
188,s04-5v5-lmctf01,Vore[SG],attack,1.125,168,797,69317,77951,0,0,4,4
188,s04-5v5-lmctf01,Fiend[SG],attack,1.294,184,800,76974,99574,0,0,3,5
188,s05-5v5-lmctf22,Arach[SG],defend,0.738,180,787,55299,40797,0,0,0,1
188,s05-5v5-lmctf22,Caco[SG],defend,1.145,207,779,38048,43560,0,0,1,3
188,s05-5v5-lmctf22,Rune[SG],defend,1.006,218,778,43919,44200,1,0,7,2
188,s05-5v5-lmctf22,Slip[SG],defend,0.710,246,791,54981,39028,0,0,4,4
188,s05-5v5-lmctf22,Gate[SG],attack,1.197,217,778,89438,107051,1,0,9,7
188,s05-5v5-lmctf22,Phase[SG],attack,1.377,230,786,97139,133799,1,0,11,4
188,s05-5v5-lmctf22,Field[SG],attack,1.490,235,885,109008,162470,0,0,7,11
188,s05-5v5-lmctf22,Trace[SG],attack,1.379,236,792,93005,128288,0,0,11,6
188,s05-5v5-lmctf22,Vore[SG],attack,1.332,211,778,100389,133688,0,0,6,12
188,s05-5v5-lmctf22,Fiend[SG],attack,1.379,240,806,103094,142201,0,0,2,8
188,s06-5v5-lmctf02c,Arach[SG],defend,1.270,73,776,41837,53125,0,0,0,0
188,s06-5v5-lmctf02c,Caco[SG],defend,2.680,226,800,100657,269776,0,0,2,3
188,s06-5v5-lmctf02c,Rune[SG],defend,1.178,228,780,96589,113799,0,0,0,1
188,s06-5v5-lmctf02c,Slip[SG],defend,2.743,237,776,101866,279381,0,0,1,2
188,s06-5v5-lmctf02c,Gate[SG],attack,1.460,208,770,97677,142583,0,0,4,8
188,s06-5v5-lmctf02c,Phase[SG],attack,1.993,209,782,100269,199865,0,0,5,4
188,s06-5v5-lmctf02c,Field[SG],attack,1.643,214,793,90036,147935,0,0,4,2
188,s06-5v5-lmctf02c,Trace[SG],attack,1.595,204,778,81954,130708,0,0,6,2
188,s06-5v5-lmctf02c,Vore[SG],attack,1.801,227,799,100704,181387,0,0,3,4
188,s06-5v5-lmctf02c,Fiend[SG],attack,1.615,237,793,107351,173383,0,0,5,4
188,s07-5v5-mactf06,Arach[SG],defend,0.071,247,612,13338,950,0,0,3,0
188,s07-5v5-mactf06,Caco[SG],defend,1.613,232,774,74176,119674,0,0,6,9
188,s07-5v5-mactf06,Rune[SG],defend,0.654,236,344,15868,10377,0,0,5,4
188,s07-5v5-mactf06,Slip[SG],defend,0.909,242,776,52729,47920,0,0,3,7
188,s07-5v5-mactf06,Gate[SG],attack,1.363,233,783,99725,135879,0,0,9,10
188,s07-5v5-mactf06,Phase[SG],attack,1.448,231,800,96016,139005,0,0,11,10
188,s07-5v5-mactf06,Field[SG],attack,1.454,222,800,101739,147970,0,0,9,14
188,s07-5v5-mactf06,Trace[SG],attack,1.377,229,800,100795,138822,0,0,17,7
188,s07-5v5-mactf06,Vore[SG],attack,1.442,229,773,103371,149025,0,0,3,8
188,s07-5v5-mactf06,Fiend[SG],attack,1.198,228,785,87395,104688,0,0,10,7
188,s08-7v7-lmctf09,Arach[SG],defend,1.255,40,807,17564,22037,0,0,2,3
188,s08-7v7-lmctf09,Caco[SG],defend,0.931,95,708,15716,14625,0,0,10,4
188,s08-7v7-lmctf09,Rune[SG],defend,0.836,204,775,57125,47757,0,0,3,3
188,s08-7v7-lmctf09,Slip[SG],defend,1.380,210,780,54943,75816,0,0,3,4
188,s08-7v7-lmctf09,Gate[SG],attack,1.611,231,779,105456,169907,0,0,7,6
188,s08-7v7-lmctf09,Phase[SG],attack,1.773,215,901,101915,180680,1,0,14,9
188,s08-7v7-lmctf09,Field[SG],attack,1.631,245,799,103773,169209,0,0,6,16
188,s08-7v7-lmctf09,Trace[SG],attack,1.415,214,803,99544,140892,0,0,9,4
188,s08-7v7-lmctf09,Vore[SG],attack,1.607,198,800,87171,140077,1,0,4,13
188,s08-7v7-lmctf09,Fiend[SG],attack,1.561,228,800,101807,158949,0,0,16,11
188,s08-7v7-lmctf09,Scrag[SG],attack,1.626,211,776,92304,150060,0,0,11,11
188,s08-7v7-lmctf09,Ogre[SG],attack,1.480,195,777,67899,100520,0,0,4,7
188,s08-7v7-lmctf09,Knight[SG],attack,1.637,179,794,81757,133813,1,0,8,13
188,s08-7v7-lmctf09,Wizard[SG],attack,1.656,201,795,55807,92438,0,0,12,5
188,s09-7v7-lmctf09,Arach[SG],defend,1.288,37,778,15559,20037,0,0,4,2
188,s09-7v7-lmctf09,Caco[SG],defend,1.440,142,799,60643,87339,0,0,5,5
188,s09-7v7-lmctf09,Rune[SG],defend,0.891,206,769,57077,50838,0,0,3,2
188,s09-7v7-lmctf09,Slip[SG],defend,1.209,131,770,42841,51813,0,0,3,3
188,s09-7v7-lmctf09,Gate[SG],attack,1.895,210,800,96840,183478,0,0,19,7
188,s09-7v7-lmctf09,Phase[SG],attack,1.965,209,798,90362,177553,1,0,12,10
188,s09-7v7-lmctf09,Field[SG],attack,1.636,229,806,108379,177312,0,0,3,14
188,s09-7v7-lmctf09,Trace[SG],attack,1.638,213,792,96553,158119,0,0,14,10
188,s09-7v7-lmctf09,Vore[SG],attack,1.807,188,787,92420,166994,0,0,8,17
188,s09-7v7-lmctf09,Fiend[SG],attack,1.604,209,800,93889,150580,1,0,16,5
188,s09-7v7-lmctf09,Scrag[SG],attack,1.583,226,776,97191,153809,0,0,11,6
188,s09-7v7-lmctf09,Ogre[SG],attack,1.630,196,799,91343,148886,0,0,3,16
188,s09-7v7-lmctf09,Knight[SG],attack,1.789,215,795,100451,179716,0,0,16,16
188,s09-7v7-lmctf09,Wizard[SG],attack,1.357,202,777,89637,121625,0,0,4,9
188,s10-5v1-smap05,Arach[SG],defend,1.257,68,761,28997,36460,0,0,5,1
188,s10-5v1-smap05,Caco[SG],recover,1.345,199,1101,87013,117048,0,0,9,19
188,s10-5v1-smap05,Rune[SG],defend,1.080,211,778,67481,72865,0,0,2,1
188,s10-5v1-smap05,Slip[SG],attack,1.530,223,1100,81792,125124,1,0,8,2
188,s10-5v1-smap05,Gate[SG],attack,1.243,169,800,74764,92907,1,0,3,3
188,s10-5v1-smap05,Phase[SG],attack,1.205,193,800,73673,88740,1,0,1,2
189,s01-2v2-lmctf03,Arach[SG],defend,1.543,22,749,9129,14084,0,0,1,1
189,s01-2v2-lmctf03,Caco[SG],defend,0.891,123,777,23603,21030,0,0,0,0
189,s01-2v2-lmctf03,Rune[SG],attack,1.387,148,774,59273,82229,0,0,1,0
189,s01-2v2-lmctf03,Slip[SG],attack,1.229,208,799,75576,92885,1,0,1,2
189,s02-2v2-lmctf03,Arach[SG],defend,1.129,107,749,43443,49063,0,0,0,0
189,s02-2v2-lmctf03,Caco[SG],defend,0.189,249,777,10859,2055,0,0,0,0
189,s02-2v2-lmctf03,Rune[SG],attack,1.460,164,792,64766,94568,0,0,0,2
189,s02-2v2-lmctf03,Slip[SG],attack,0.969,217,779,94751,91781,0,0,2,0
189,s03-5v5-lmctf01,Arach[SG],defend,0.667,6,511,3028,2020,0,0,6,0
189,s03-5v5-lmctf01,Caco[SG],defend,0.491,136,620,8799,4321,0,0,0,2
189,s03-5v5-lmctf01,Rune[SG],defend,0.627,228,796,35485,22250,0,0,3,5
189,s03-5v5-lmctf01,Slip[SG],defend,0.781,231,785,53671,41915,0,0,2,2
189,s03-5v5-lmctf01,Gate[SG],attack,1.532,190,792,87055,133393,0,0,4,1
189,s03-5v5-lmctf01,Phase[SG],attack,1.132,206,802,81957,92778,0,0,8,6
189,s03-5v5-lmctf01,Field[SG],attack,1.866,144,773,57618,107534,0,0,2,6
189,s03-5v5-lmctf01,Trace[SG],attack,1.343,193,782,89198,119786,0,0,5,6
189,s03-5v5-lmctf01,Vore[SG],attack,1.368,184,788,78466,107311,1,0,9,11
189,s03-5v5-lmctf01,Fiend[SG],attack,1.259,136,807,55499,69887,0,0,5,5
189,s04-5v5-lmctf22,Arach[SG],defend,1.091,222,775,37601,41009,0,0,3,1
189,s04-5v5-lmctf22,Caco[SG],defend,0.928,136,776,30206,28020,0,0,2,1
189,s04-5v5-lmctf22,Rune[SG],defend,0.861,222,787,71152,61263,0,0,2,1
189,s04-5v5-lmctf22,Slip[SG],defend,0.913,241,795,36791,33597,0,0,5,3
189,s04-5v5-lmctf22,Gate[SG],attack,1.095,177,778,72669,79544,0,0,3,2
189,s04-5v5-lmctf22,Phase[SG],attack,1.113,229,792,91746,102149,1,0,7,5
189,s04-5v5-lmctf22,Field[SG],attack,1.228,231,778,94354,115866,0,0,1,10
189,s04-5v5-lmctf22,Trace[SG],attack,1.151,251,791,107648,123942,0,0,15,6
189,s04-5v5-lmctf22,Vore[SG],attack,1.465,226,781,87042,127510,1,0,6,11
189,s04-5v5-lmctf22,Fiend[SG],attack,1.433,234,776,102136,146352,0,0,0,5
189,s05-5v5-lmctf02c,Arach[SG],defend,1.385,83,766,47669,66010,0,0,3,0
189,s05-5v5-lmctf02c,Caco[SG],defend,2.101,219,770,91226,191650,0,0,0,8
189,s05-5v5-lmctf02c,Rune[SG],defend,1.774,222,799,105981,187991,0,0,6,6
189,s05-5v5-lmctf02c,Slip[SG],defend,0.957,233,750,19257,18425,0,0,0,0
189,s05-5v5-lmctf02c,Gate[SG],attack,1.657,233,796,113193,187529,0,0,4,2
189,s05-5v5-lmctf02c,Phase[SG],attack,2.173,221,797,79154,171977,0,0,10,4
189,s05-5v5-lmctf02c,Field[SG],attack,1.961,193,806,89525,175594,0,0,4,9
189,s05-5v5-lmctf02c,Trace[SG],attack,2.220,210,781,103067,228781,0,0,10,5
189,s05-5v5-lmctf02c,Vore[SG],attack,1.504,211,806,80187,120642,0,0,1,5
189,s05-5v5-lmctf02c,Fiend[SG],attack,2.072,226,793,104243,215971,0,0,12,11
189,s06-5v5-mactf06,Arach[SG],defend,1.157,145,757,21123,24431,0,0,5,0
189,s06-5v5-mactf06,Caco[SG],defend,0.751,239,762,45007,33778,0,0,4,3
189,s06-5v5-mactf06,Rune[SG],defend,1.224,246,783,28868,35323,0,0,3,2
189,s06-5v5-mactf06,Slip[SG],defend,0.899,230,779,48469,43584,0,0,4,2
189,s06-5v5-mactf06,Gate[SG],attack,1.418,244,912,101335,143712,0,0,4,7
189,s06-5v5-mactf06,Phase[SG],attack,1.650,228,800,98622,162716,0,0,15,8
189,s06-5v5-mactf06,Field[SG],attack,1.525,242,784,100794,153750,0,0,6,6
189,s06-5v5-mactf06,Trace[SG],attack,1.389,225,800,105847,146969,0,0,6,6
189,s06-5v5-mactf06,Vore[SG],attack,1.178,217,777,93890,110556,0,0,7,11
189,s06-5v5-mactf06,Fiend[SG],attack,1.561,240,776,106728,166556,0,0,2,11
189,s07-5v5-lmctf05,Arach[SG],defend,0.766,127,764,42742,32724,0,0,3,0
189,s07-5v5-lmctf05,Caco[SG],defend,1.568,40,779,16890,26485,0,0,1,1
189,s07-5v5-lmctf05,Rune[SG],defend,1.467,194,775,70342,103222,0,0,8,4
189,s07-5v5-lmctf05,Slip[SG],defend,1.087,209,788,83412,90699,0,0,1,3
189,s07-5v5-lmctf05,Gate[SG],attack,1.832,157,788,82996,152055,0,0,9,15
189,s07-5v5-lmctf05,Phase[SG],attack,1.779,151,778,75087,133598,1,0,9,6
189,s07-5v5-lmctf05,Field[SG],attack,1.807,158,793,76803,138814,0,0,9,14
189,s07-5v5-lmctf05,Trace[SG],attack,1.570,171,793,82145,128932,0,0,8,8
189,s07-5v5-lmctf05,Vore[SG],attack,1.626,164,781,77059,125313,0,0,10,8
189,s07-5v5-lmctf05,Fiend[SG],attack,2.075,144,773,66427,137849,0,0,9,11
189,s08-7v7-lmctf09,Arach[SG],defend,0.851,12,401,5021,4275,0,0,9,0
189,s08-7v7-lmctf09,Caco[SG],defend,1.148,54,632,12198,14001,0,0,2,2
189,s08-7v7-lmctf09,Rune[SG],defend,1.122,160,773,64745,72631,0,0,6,4
189,s08-7v7-lmctf09,Slip[SG],defend,1.262,73,780,23467,29621,0,0,0,3
189,s08-7v7-lmctf09,Gate[SG],attack,1.620,227,774,100720,163172,0,0,7,8
189,s08-7v7-lmctf09,Phase[SG],attack,1.737,214,800,101170,175731,0,0,12,12
189,s08-7v7-lmctf09,Field[SG],attack,1.591,211,788,100998,160663,0,0,13,14
189,s08-7v7-lmctf09,Trace[SG],attack,1.796,213,800,103571,186047,1,0,4,8
189,s08-7v7-lmctf09,Vore[SG],attack,1.707,204,769,101045,172446,0,0,5,6
189,s08-7v7-lmctf09,Fiend[SG],attack,1.500,215,791,98328,147475,0,0,15,8
189,s08-7v7-lmctf09,Scrag[SG],attack,1.584,227,800,98006,155203,0,0,12,8
189,s08-7v7-lmctf09,Ogre[SG],attack,1.520,209,787,95738,145537,1,0,7,14
189,s08-7v7-lmctf09,Knight[SG],attack,1.785,195,799,98852,176469,0,0,10,16
189,s08-7v7-lmctf09,Wizard[SG],attack,1.641,236,801,105995,173960,0,0,11,10
189,s09-7v7-lmctf09,Arach[SG],defend,1.162,37,759,13710,15932,0,0,8,1
189,s09-7v7-lmctf09,Caco[SG],defend,1.264,100,778,24446,30896,0,0,8,4
189,s09-7v7-lmctf09,Rune[SG],defend,0.939,219,695,47186,44285,0,0,4,2
189,s09-7v7-lmctf09,Slip[SG],defend,1.103,182,771,34875,38470,0,0,3,2
189,s09-7v7-lmctf09,Gate[SG],attack,1.625,223,801,108110,175647,0,0,5,8
189,s09-7v7-lmctf09,Phase[SG],attack,1.662,223,806,102184,169836,0,0,13,13
189,s09-7v7-lmctf09,Field[SG],attack,1.716,216,799,100231,171968,2,0,6,10
189,s09-7v7-lmctf09,Trace[SG],attack,1.580,196,799,91183,144069,0,0,13,10
189,s09-7v7-lmctf09,Vore[SG],attack,1.644,202,799,92775,152495,0,0,10,15
189,s09-7v7-lmctf09,Fiend[SG],attack,1.774,219,772,94326,167295,0,0,8,11
189,s09-7v7-lmctf09,Scrag[SG],attack,1.652,229,789,105839,174797,1,0,15,11
189,s09-7v7-lmctf09,Ogre[SG],attack,1.487,172,759,65246,97024,0,0,8,9
189,s09-7v7-lmctf09,Knight[SG],attack,1.641,215,800,101391,166428,0,0,8,14
189,s09-7v7-lmctf09,Wizard[SG],attack,1.575,202,775,91604,144248,0,0,13,13
189,s10-5v1-smap05,Arach[SG],defend,2.113,4,745,1567,3310,0,0,1,0
189,s10-5v1-smap05,Caco[SG],recover,1.024,217,787,109467,112106,0,0,3,22
189,s10-5v1-smap05,Rune[SG],attack,0.845,214,779,57879,48902,0,0,0,0
189,s10-5v1-smap05,Slip[SG],attack,0.919,222,775,57089,52476,0,0,10,1
189,s10-5v1-smap05,Gate[SG],attack,0.797,212,1100,61755,49202,1,0,4,2
189,s10-5v1-smap05,Phase[SG],carry,1.158,227,784,66132,76550,1,1,6,0
190,s01-2v2-lmctf03,Arach[SG],defend,2.173,25,749,8347,18134,0,0,0,1
190,s01-2v2-lmctf03,Caco[SG],defend,0.844,92,777,15226,12856,0,0,1,1
190,s01-2v2-lmctf03,Rune[SG],attack,1.145,181,776,77917,89182,0,0,2,4
190,s01-2v2-lmctf03,Slip[SG],attack,1.448,173,789,64520,93393,1,0,4,1
190,s02-2v2-lmctf03,Arach[SG],defend,0.610,154,784,57571,35106,0,0,0,0
190,s02-2v2-lmctf03,Caco[SG],defend,0.729,247,777,57327,41786,0,0,1,0
190,s02-2v2-lmctf03,Rune[SG],attack,1.171,155,760,63122,73944,0,0,0,2
190,s02-2v2-lmctf03,Slip[SG],attack,1.159,242,789,97781,113309,1,1,1,0
190,s03-5v5-lmctf22,Arach[SG],defend,1.390,170,779,43141,59972,0,0,0,3
190,s03-5v5-lmctf22,Caco[SG],defend,0.768,243,789,34876,26771,0,0,0,2
190,s03-5v5-lmctf22,Rune[SG],defend,1.085,233,772,58778,63795,0,0,4,0
190,s03-5v5-lmctf22,Slip[SG],defend,0.855,239,774,42089,35981,0,0,1,3
190,s03-5v5-lmctf22,Gate[SG],attack,1.438,238,782,91778,132014,0,0,14,13
190,s03-5v5-lmctf22,Phase[SG],attack,1.291,228,783,97395,125738,1,0,12,5
190,s03-5v5-lmctf22,Field[SG],attack,1.237,211,783,91705,113447,0,0,6,7
190,s03-5v5-lmctf22,Trace[SG],attack,0.771,163,776,61229,47203,0,0,0,0
190,s03-5v5-lmctf22,Vore[SG],attack,1.374,220,796,93734,128791,1,0,6,9
190,s03-5v5-lmctf22,Fiend[SG],attack,1.447,251,778,100447,145374,1,0,8,9
190,s04-5v5-lmctf02c,Arach[SG],defend,1.673,76,704,36581,61212,0,0,3,1
190,s04-5v5-lmctf02c,Caco[SG],defend,1.766,166,787,75781,133832,0,0,3,5
190,s04-5v5-lmctf02c,Rune[SG],defend,1.864,222,773,100069,186520,0,0,7,2
190,s04-5v5-lmctf02c,Slip[SG],defend,1.450,230,776,36337,52682,0,0,1,0
190,s04-5v5-lmctf02c,Gate[SG],attack,1.729,220,780,110645,191270,0,0,0,3
190,s04-5v5-lmctf02c,Phase[SG],attack,1.283,219,786,97465,125007,0,0,9,1
190,s04-5v5-lmctf02c,Field[SG],attack,2.006,205,806,85111,170704,0,0,3,4
190,s04-5v5-lmctf02c,Trace[SG],attack,1.903,207,787,106886,203352,0,0,8,2
190,s04-5v5-lmctf02c,Vore[SG],attack,1.832,206,789,95092,174247,0,0,1,9
190,s04-5v5-lmctf02c,Fiend[SG],attack,1.652,211,800,90829,150079,0,0,1,10
190,s05-5v5-mactf06,Arach[SG],defend,1.734,33,757,14740,25561,0,0,4,0
190,s05-5v5-mactf06,Caco[SG],defend,0.626,216,783,24732,15494,0,0,3,8
190,s05-5v5-mactf06,Rune[SG],defend,1.123,270,783,13697,15382,1,0,4,1
190,s05-5v5-mactf06,Slip[SG],defend,1.189,237,770,41526,49391,0,0,0,3
190,s05-5v5-mactf06,Gate[SG],attack,1.674,226,800,99529,166597,0,0,7,10
190,s05-5v5-mactf06,Phase[SG],attack,1.436,230,782,97872,140520,0,0,15,2
190,s05-5v5-mactf06,Field[SG],attack,1.424,219,778,100267,142767,0,0,8,11
190,s05-5v5-mactf06,Trace[SG],attack,1.352,216,780,100755,136219,0,0,4,13
190,s05-5v5-mactf06,Vore[SG],attack,1.498,236,795,97948,146743,0,0,4,8
190,s05-5v5-mactf06,Fiend[SG],attack,1.304,231,779,100890,131527,0,0,11,4
190,s06-5v5-lmctf05,Arach[SG],defend,1.047,209,787,55651,58280,0,0,1,2
190,s06-5v5-lmctf05,Caco[SG],defend,1.379,39,688,15188,20947,0,0,0,4
190,s06-5v5-lmctf05,Rune[SG],defend,1.152,211,775,69995,80627,0,0,4,4
190,s06-5v5-lmctf05,Slip[SG],defend,0.925,216,798,78956,73073,0,0,4,2
190,s06-5v5-lmctf05,Gate[SG],attack,1.705,144,776,72574,123705,0,0,11,4
190,s06-5v5-lmctf05,Phase[SG],attack,1.407,170,777,77768,109420,0,0,7,6
190,s06-5v5-lmctf05,Field[SG],attack,1.818,167,799,80973,147180,0,0,7,9
190,s06-5v5-lmctf05,Trace[SG],attack,1.969,144,782,67317,132531,0,0,2,4
190,s06-5v5-lmctf05,Vore[SG],attack,1.755,152,800,63437,111304,0,0,5,4
190,s06-5v5-lmctf05,Fiend[SG],attack,2.184,140,781,30242,66035,0,0,3,6
190,s07-5v5-lmctf01,Arach[SG],defend,1.256,1,285,1190,1495,0,0,4,0
190,s07-5v5-lmctf01,Caco[SG],defend,0.906,107,758,29527,26746,0,0,2,2
190,s07-5v5-lmctf01,Rune[SG],defend,0.492,231,788,31200,15350,0,0,1,0
190,s07-5v5-lmctf01,Slip[SG],defend,0.735,228,706,36326,26684,0,0,2,2
190,s07-5v5-lmctf01,Gate[SG],attack,1.378,196,797,88214,121589,0,0,4,2
190,s07-5v5-lmctf01,Phase[SG],attack,2.060,180,802,84909,174899,0,0,7,8
190,s07-5v5-lmctf01,Field[SG],attack,1.414,140,793,62149,87889,0,0,0,2
190,s07-5v5-lmctf01,Trace[SG],attack,2.044,190,792,88813,181527,0,0,2,3
190,s07-5v5-lmctf01,Vore[SG],attack,1.185,163,800,78262,92775,0,0,8,6
190,s07-5v5-lmctf01,Fiend[SG],attack,1.278,183,800,84118,107505,0,0,1,6
190,s08-7v7-lmctf09,Arach[SG],defend,1.111,103,742,48237,53572,0,0,8,6
190,s08-7v7-lmctf09,Caco[SG],defend,1.202,157,782,57831,69512,0,0,4,6
190,s08-7v7-lmctf09,Rune[SG],defend,1.144,202,752,72186,82596,0,0,1,10
190,s08-7v7-lmctf09,Slip[SG],defend,1.330,180,808,45547,60574,0,0,5,6
190,s08-7v7-lmctf09,Gate[SG],attack,1.644,190,809,28278,46495,0,0,2,3
190,s08-7v7-lmctf09,Phase[SG],attack,1.711,189,789,90685,155175,0,0,8,10
190,s08-7v7-lmctf09,Field[SG],attack,1.430,171,898,76031,108760,0,0,7,5
190,s08-7v7-lmctf09,Trace[SG],attack,1.499,220,800,97302,145875,1,0,26,8
190,s08-7v7-lmctf09,Vore[SG],attack,1.720,242,776,109190,187810,1,0,15,7
190,s08-7v7-lmctf09,Fiend[SG],attack,1.807,200,793,92424,167037,0,0,7,7
190,s08-7v7-lmctf09,Scrag[SG],attack,1.476,222,779,99581,146983,0,0,6,10
190,s08-7v7-lmctf09,Ogre[SG],attack,1.767,230,807,107184,189430,1,0,7,7
190,s08-7v7-lmctf09,Knight[SG],attack,1.506,208,782,94539,142344,0,0,9,20
190,s08-7v7-lmctf09,Wizard[SG],attack,1.557,224,809,99223,154475,0,0,7,7
190,s09-7v7-lmctf09,Arach[SG],defend,1.507,25,728,11151,16804,0,0,2,1
190,s09-7v7-lmctf09,Caco[SG],defend,0.884,22,413,9275,8200,0,0,5,4
190,s09-7v7-lmctf09,Rune[SG],defend,0.885,201,656,50092,44346,0,0,5,1
190,s09-7v7-lmctf09,Slip[SG],defend,1.247,202,859,46696,58232,0,0,4,4
190,s09-7v7-lmctf09,Gate[SG],attack,1.558,207,788,95837,149349,0,0,5,6
190,s09-7v7-lmctf09,Phase[SG],attack,1.638,186,790,96228,157580,0,0,6,13
190,s09-7v7-lmctf09,Field[SG],attack,1.550,216,789,98827,153144,0,0,5,11
190,s09-7v7-lmctf09,Trace[SG],attack,1.934,202,783,101012,195357,0,0,12,13
190,s09-7v7-lmctf09,Vore[SG],attack,1.808,210,788,96757,174965,1,0,9,7
190,s09-7v7-lmctf09,Fiend[SG],attack,1.809,228,809,100337,181510,0,0,10,11
190,s09-7v7-lmctf09,Scrag[SG],attack,1.855,216,789,103214,191475,0,0,11,13
190,s09-7v7-lmctf09,Ogre[SG],attack,1.724,208,806,90797,156526,0,0,8,8
190,s09-7v7-lmctf09,Knight[SG],attack,1.756,205,799,98333,172650,0,0,13,8
190,s09-7v7-lmctf09,Wizard[SG],attack,1.725,239,921,108052,186426,0,0,14,9
190,s10-5v1-smap05,Arach[SG],defend,2.113,4,745,1567,3310,0,0,0,0
190,s10-5v1-smap05,Caco[SG],recover,1.393,211,1100,101805,141837,0,0,11,8
190,s10-5v1-smap05,Rune[SG],defend,1.073,213,774,70840,75994,0,0,2,0
190,s10-5v1-smap05,Slip[SG],attack,1.455,199,770,91354,132921,3,1,3,3
190,s10-5v1-smap05,Gate[SG],attack,1.353,182,800,74256,100458,2,2,2,2
190,s10-5v1-smap05,Phase[SG],attack,1.424,204,794,77517,110375,3,0,1,6
191,s01-2v2-lmctf03,Arach[SG],defend,1.164,2,749,1331,1550,0,0,0,0
191,s01-2v2-lmctf03,Caco[SG],defend,0.929,193,777,27912,25919,0,0,0,0
191,s01-2v2-lmctf03,Rune[SG],attack,1.347,171,776,79906,107636,0,0,0,1
191,s01-2v2-lmctf03,Slip[SG],attack,0.518,248,779,97506,50498,0,0,1,0
191,s02-2v2-lmctf03,Arach[SG],defend,1.238,11,749,5337,6609,0,0,0,1
191,s02-2v2-lmctf03,Caco[SG],defend,0.355,231,777,15499,5505,0,0,0,0
191,s02-2v2-lmctf03,Rune[SG],attack,1.890,170,753,48196,91102,0,0,0,1
191,s02-2v2-lmctf03,Slip[SG],attack,0.813,244,783,103516,84189,1,0,2,0
191,s03-5v5-lmctf02c,Arach[SG],defend,1.244,88,769,43706,54355,0,0,0,1
191,s03-5v5-lmctf02c,Caco[SG],defend,2.303,214,797,102502,236037,0,0,2,3
191,s03-5v5-lmctf02c,Rune[SG],defend,1.349,240,806,120934,163188,0,0,2,0
191,s03-5v5-lmctf02c,Slip[SG],defend,1.756,217,769,75567,132689,0,0,0,1
191,s03-5v5-lmctf02c,Gate[SG],attack,1.497,227,778,103366,154785,0,0,3,8
191,s03-5v5-lmctf02c,Phase[SG],attack,1.879,183,792,91553,172049,0,0,3,7
191,s03-5v5-lmctf02c,Field[SG],attack,1.666,239,972,110059,183358,0,0,2,5
191,s03-5v5-lmctf02c,Trace[SG],attack,1.892,214,780,93156,176226,0,0,12,8
191,s03-5v5-lmctf02c,Vore[SG],attack,1.417,220,800,98386,139441,0,0,11,6
191,s03-5v5-lmctf02c,Fiend[SG],attack,1.644,208,806,84568,139062,0,0,9,5
191,s04-5v5-mactf06,Arach[SG],defend,1.464,70,757,17991,26330,0,0,6,2
191,s04-5v5-mactf06,Caco[SG],defend,0.989,237,782,34078,33692,0,0,3,5
191,s04-5v5-mactf06,Rune[SG],defend,1.171,244,783,26501,31037,0,0,5,4
191,s04-5v5-mactf06,Slip[SG],defend,0.514,245,779,29643,15225,0,0,4,3
191,s04-5v5-mactf06,Gate[SG],attack,1.631,218,798,92126,150231,0,0,11,5
191,s04-5v5-mactf06,Phase[SG],attack,1.760,242,800,105141,185028,0,0,9,5
191,s04-5v5-mactf06,Field[SG],attack,1.371,230,800,103582,142056,0,0,7,9
191,s04-5v5-mactf06,Trace[SG],attack,1.378,232,800,97017,133664,0,0,9,6
191,s04-5v5-mactf06,Vore[SG],attack,1.301,229,795,101572,132151,0,0,3,14
191,s04-5v5-mactf06,Fiend[SG],attack,1.495,221,774,89963,134539,0,0,5,9
191,s05-5v5-lmctf05,Arach[SG],defend,0.838,58,800,21239,17805,0,0,2,1
191,s05-5v5-lmctf05,Caco[SG],defend,1.104,205,808,71911,79405,0,0,1,6
191,s05-5v5-lmctf05,Rune[SG],defend,0.869,219,800,62700,54461,0,0,2,0
191,s05-5v5-lmctf05,Slip[SG],defend,0.885,222,775,83859,74189,0,0,2,3
191,s05-5v5-lmctf05,Gate[SG],attack,1.619,136,766,66215,107221,1,0,11,4
191,s05-5v5-lmctf05,Phase[SG],attack,1.446,154,790,73125,105762,0,0,5,1
191,s05-5v5-lmctf05,Field[SG],attack,1.351,175,796,80923,109312,0,0,1,11
191,s05-5v5-lmctf05,Trace[SG],attack,1.542,175,781,83511,128796,0,0,8,1
191,s05-5v5-lmctf05,Vore[SG],attack,1.851,143,782,36208,67032,0,0,3,8
191,s05-5v5-lmctf05,Fiend[SG],attack,2.279,123,770,23234,52953,0,0,0,1
191,s06-5v5-lmctf01,Arach[SG],defend,1.256,1,285,1190,1495,0,0,4,0
191,s06-5v5-lmctf01,Caco[SG],defend,1.691,25,769,11527,19492,0,0,1,2
191,s06-5v5-lmctf01,Rune[SG],defend,0.448,218,427,31629,14175,0,0,0,0
191,s06-5v5-lmctf01,Slip[SG],defend,0.381,216,746,29074,11065,0,0,2,0
191,s06-5v5-lmctf01,Gate[SG],attack,1.495,191,787,84067,125697,0,0,6,3
191,s06-5v5-lmctf01,Phase[SG],attack,1.440,190,784,88620,127571,0,0,1,2
191,s06-5v5-lmctf01,Field[SG],attack,1.377,150,797,65331,89938,0,0,1,3
191,s06-5v5-lmctf01,Trace[SG],attack,2.359,181,768,78604,185449,0,0,2,3
191,s06-5v5-lmctf01,Vore[SG],attack,1.265,187,800,82426,104282,0,0,2,5
191,s06-5v5-lmctf01,Fiend[SG],attack,1.330,139,809,62341,82905,0,0,2,3
191,s07-5v5-lmctf22,Arach[SG],defend,1.103,116,797,31914,35193,0,0,8,1
191,s07-5v5-lmctf22,Caco[SG],defend,0.769,236,775,36750,28265,0,0,1,3
191,s07-5v5-lmctf22,Rune[SG],defend,1.038,237,785,56468,58630,0,0,10,4
191,s07-5v5-lmctf22,Slip[SG],defend,1.001,243,783,47977,48019,0,0,3,3
191,s07-5v5-lmctf22,Gate[SG],attack,1.088,201,790,82636,89894,1,0,3,2
191,s07-5v5-lmctf22,Phase[SG],attack,1.396,253,798,107828,150500,2,0,18,6
191,s07-5v5-lmctf22,Field[SG],attack,1.463,242,790,105140,153796,1,0,7,13
191,s07-5v5-lmctf22,Trace[SG],attack,1.161,209,783,87780,101904,0,0,3,7
191,s07-5v5-lmctf22,Vore[SG],attack,1.378,228,781,101087,139269,0,0,7,15
191,s07-5v5-lmctf22,Fiend[SG],attack,1.380,227,795,97243,134231,0,0,2,8
191,s08-7v7-lmctf09,Arach[SG],defend,1.226,19,734,8748,10725,0,0,7,2
191,s08-7v7-lmctf09,Caco[SG],defend,1.184,61,690,23279,27562,0,0,2,7
191,s08-7v7-lmctf09,Rune[SG],defend,0.914,99,703,34746,31762,0,0,1,3
191,s08-7v7-lmctf09,Slip[SG],defend,0.851,240,780,21394,18197,0,0,5,2
191,s08-7v7-lmctf09,Gate[SG],attack,1.567,238,779,113887,178440,0,0,14,11
191,s08-7v7-lmctf09,Phase[SG],attack,1.755,204,1127,94220,165344,0,0,11,8
191,s08-7v7-lmctf09,Field[SG],attack,1.723,189,799,94568,162919,1,0,5,7
191,s08-7v7-lmctf09,Trace[SG],attack,1.568,228,794,106068,166264,0,0,9,6
191,s08-7v7-lmctf09,Vore[SG],attack,1.560,221,800,105620,164815,0,0,12,13
191,s08-7v7-lmctf09,Fiend[SG],attack,1.746,227,809,107229,187271,0,0,10,6
191,s08-7v7-lmctf09,Scrag[SG],attack,1.568,240,791,104028,163130,0,0,14,3
191,s08-7v7-lmctf09,Ogre[SG],attack,1.666,216,809,91357,152191,0,0,5,11
191,s08-7v7-lmctf09,Knight[SG],attack,1.644,182,755,84094,138248,0,0,5,8
191,s08-7v7-lmctf09,Wizard[SG],attack,1.565,186,794,89912,140668,0,0,5,18
191,s09-7v7-lmctf09,Arach[SG],defend,1.825,31,777,14867,27132,0,0,3,3
191,s09-7v7-lmctf09,Caco[SG],defend,1.330,88,770,36597,48675,0,0,11,2
191,s09-7v7-lmctf09,Rune[SG],defend,1.188,230,762,58423,69394,0,0,7,2
191,s09-7v7-lmctf09,Slip[SG],defend,1.305,201,809,34798,45414,0,0,2,4
191,s09-7v7-lmctf09,Gate[SG],attack,1.840,210,789,99598,183229,0,0,8,11
191,s09-7v7-lmctf09,Phase[SG],attack,1.409,233,792,107287,151202,1,0,9,8
191,s09-7v7-lmctf09,Field[SG],attack,1.904,219,790,98342,187216,0,0,8,11
191,s09-7v7-lmctf09,Trace[SG],attack,1.681,212,797,98128,164946,1,0,10,13
191,s09-7v7-lmctf09,Vore[SG],attack,1.721,193,788,80947,139311,0,0,7,9
191,s09-7v7-lmctf09,Fiend[SG],attack,1.625,207,790,91542,148794,0,0,12,12
191,s09-7v7-lmctf09,Scrag[SG],attack,1.635,220,785,97867,160047,1,0,18,14
191,s09-7v7-lmctf09,Ogre[SG],attack,1.474,205,808,72934,107502,0,0,7,9
191,s09-7v7-lmctf09,Knight[SG],attack,1.767,198,799,90727,160297,1,0,18,13
191,s09-7v7-lmctf09,Wizard[SG],attack,1.891,229,800,103954,196535,0,0,10,19
191,s10-5v1-smap05,Arach[SG],defend,1.671,53,757,21124,35307,0,0,0,2
191,s10-5v1-smap05,Caco[SG],attack,1.573,198,794,91318,143614,3,0,6,11
191,s10-5v1-smap05,Rune[SG],defend,0.529,230,778,51484,27231,0,0,3,2
191,s10-5v1-smap05,Slip[SG],attack,1.224,215,767,65322,79975,0,0,5,1
191,s10-5v1-smap05,Gate[SG],attack,1.198,194,1065,62103,74414,0,0,1,0
191,s10-5v1-smap05,Phase[SG],attack,1.149,233,794,66904,76899,0,0,2,1
192,s01-2v2-lmctf03,Arach[SG],defend,1.164,2,749,1331,1550,0,0,0,0
192,s01-2v2-lmctf03,Caco[SG],defend,0.192,249,777,10946,2105,0,0,0,0
192,s01-2v2-lmctf03,Rune[SG],attack,1.597,150,761,59073,94330,0,0,2,2
192,s01-2v2-lmctf03,Slip[SG],attack,1.689,188,784,65561,110709,0,0,2,2
192,s02-2v2-lmctf03,Arach[SG],defend,1.054,42,771,19582,20634,0,0,1,0
192,s02-2v2-lmctf03,Caco[SG],defend,0.189,249,777,10870,2055,0,0,0,0
192,s02-2v2-lmctf03,Rune[SG],attack,1.514,181,774,79945,121042,0,0,1,6
192,s02-2v2-lmctf03,Slip[SG],attack,1.249,190,787,71877,89810,0,0,6,2
192,s03-5v5-mactf06,Arach[SG],defend,1.957,147,778,29245,57236,0,0,8,3
192,s03-5v5-mactf06,Caco[SG],defend,1.080,242,774,27456,29658,0,0,1,4
192,s03-5v5-mactf06,Rune[SG],defend,0.836,249,778,31971,26734,0,0,6,5
192,s03-5v5-mactf06,Slip[SG],defend,0.944,233,786,52123,49229,0,0,4,4
192,s03-5v5-mactf06,Gate[SG],attack,1.274,238,784,101029,128691,0,0,7,4
192,s03-5v5-mactf06,Phase[SG],attack,1.213,231,800,95337,115618,0,0,11,4
192,s03-5v5-mactf06,Field[SG],attack,1.469,221,794,95649,140477,0,0,4,9
192,s03-5v5-mactf06,Trace[SG],attack,1.196,227,783,88478,105785,0,0,9,11
192,s03-5v5-mactf06,Vore[SG],attack,1.266,227,777,93208,118031,0,0,12,12
192,s03-5v5-mactf06,Fiend[SG],attack,1.625,219,800,105737,171786,0,0,6,12
192,s04-5v5-lmctf05,Arach[SG],defend,1.472,183,790,53954,79399,0,0,3,3
192,s04-5v5-lmctf05,Caco[SG],defend,1.501,137,776,58526,87875,0,0,5,5
192,s04-5v5-lmctf05,Rune[SG],defend,1.338,188,791,70923,94924,0,0,4,4
192,s04-5v5-lmctf05,Slip[SG],defend,1.369,219,795,89834,122971,0,0,4,7
192,s04-5v5-lmctf05,Gate[SG],attack,1.730,165,791,83564,144598,1,0,14,14
192,s04-5v5-lmctf05,Phase[SG],attack,1.623,160,785,76789,124593,0,0,6,4
192,s04-5v5-lmctf05,Field[SG],attack,2.026,153,781,66565,134867,0,0,8,4
192,s04-5v5-lmctf05,Trace[SG],attack,1.654,158,782,69774,115419,1,0,5,8
192,s04-5v5-lmctf05,Vore[SG],attack,1.639,155,771,76422,125272,0,0,4,9
192,s04-5v5-lmctf05,Fiend[SG],attack,1.814,161,786,71121,129021,1,0,12,7
192,s05-5v5-lmctf01,Arach[SG],defend,1.117,16,778,8945,9995,0,0,2,1
192,s05-5v5-lmctf01,Caco[SG],defend,0.392,65,796,7829,3071,0,0,3,2
192,s05-5v5-lmctf01,Rune[SG],defend,0.497,220,778,34191,17000,0,0,4,0
192,s05-5v5-lmctf01,Slip[SG],defend,0.565,228,777,39903,22565,0,0,2,0
192,s05-5v5-lmctf01,Gate[SG],attack,1.646,184,791,81613,134343,0,0,4,3
192,s05-5v5-lmctf01,Phase[SG],attack,1.956,182,781,86476,169115,0,0,4,5
192,s05-5v5-lmctf01,Field[SG],attack,1.478,165,800,74355,109898,1,0,3,3
192,s05-5v5-lmctf01,Trace[SG],attack,1.471,192,799,87541,128773,0,0,0,5
192,s05-5v5-lmctf01,Vore[SG],attack,1.289,162,800,73003,94130,0,0,2,3
192,s05-5v5-lmctf01,Fiend[SG],attack,1.269,184,799,77788,98685,0,0,4,6
192,s06-5v5-lmctf22,Arach[SG],defend,1.100,203,775,42838,47139,0,0,3,3
192,s06-5v5-lmctf22,Caco[SG],defend,0.974,234,775,41050,39973,0,0,6,5
192,s06-5v5-lmctf22,Rune[SG],defend,1.017,212,773,65948,67069,0,0,4,5
192,s06-5v5-lmctf22,Slip[SG],defend,1.020,215,783,54271,55344,0,0,1,7
192,s06-5v5-lmctf22,Gate[SG],attack,1.354,226,793,103682,140396,0,0,6,14
192,s06-5v5-lmctf22,Phase[SG],attack,1.022,187,778,75853,77499,0,0,3,0
192,s06-5v5-lmctf22,Field[SG],attack,1.369,233,788,85576,117112,1,0,7,8
192,s06-5v5-lmctf22,Trace[SG],attack,1.531,228,785,96201,147281,1,0,19,15
192,s06-5v5-lmctf22,Vore[SG],attack,1.402,224,782,88712,124336,0,0,12,6
192,s06-5v5-lmctf22,Fiend[SG],attack,1.426,228,778,91784,130890,1,0,11,9
192,s07-5v5-lmctf02c,Arach[SG],defend,1.235,157,790,77293,95450,0,0,1,0
192,s07-5v5-lmctf02c,Caco[SG],defend,1.934,110,800,50236,97179,0,0,0,1
192,s07-5v5-lmctf02c,Rune[SG],defend,1.142,234,784,95682,109300,0,0,3,1
192,s07-5v5-lmctf02c,Slip[SG],defend,1.358,233,778,40625,55166,0,0,0,0
192,s07-5v5-lmctf02c,Gate[SG],attack,2.034,213,800,102943,209419,0,0,4,4
192,s07-5v5-lmctf02c,Phase[SG],attack,1.813,212,797,107655,195215,0,0,4,8
192,s07-5v5-lmctf02c,Field[SG],attack,1.833,234,783,106385,195004,0,0,6,3
192,s07-5v5-lmctf02c,Trace[SG],attack,2.286,201,799,104908,239872,0,0,2,4
192,s07-5v5-lmctf02c,Vore[SG],attack,1.439,223,783,103140,148414,0,0,7,3
192,s07-5v5-lmctf02c,Fiend[SG],attack,1.771,203,799,90958,161124,0,0,4,7
192,s08-7v7-lmctf09,Arach[SG],defend,1.682,26,799,9495,15966,0,0,4,1
192,s08-7v7-lmctf09,Caco[SG],defend,1.123,135,778,47287,53125,0,0,5,4
192,s08-7v7-lmctf09,Rune[SG],defend,0.712,225,779,53348,37980,0,0,6,0
192,s08-7v7-lmctf09,Slip[SG],defend,1.428,216,800,63885,91248,0,0,6,8
192,s08-7v7-lmctf09,Gate[SG],attack,1.751,216,777,105155,184136,0,0,8,14
192,s08-7v7-lmctf09,Phase[SG],attack,1.438,215,801,88127,126701,1,0,16,3
192,s08-7v7-lmctf09,Field[SG],attack,1.872,219,771,106343,199069,0,0,8,10
192,s08-7v7-lmctf09,Trace[SG],attack,1.421,206,783,89573,127315,0,0,12,6
192,s08-7v7-lmctf09,Vore[SG],attack,1.774,221,786,102264,181434,0,0,6,11
192,s08-7v7-lmctf09,Fiend[SG],attack,1.715,207,795,93386,160122,0,0,12,10
192,s08-7v7-lmctf09,Scrag[SG],attack,1.757,237,786,100740,177034,0,0,15,8
192,s08-7v7-lmctf09,Ogre[SG],attack,1.476,225,797,97645,144131,0,0,6,8
192,s08-7v7-lmctf09,Knight[SG],attack,1.615,210,809,97175,156945,0,0,7,13
192,s08-7v7-lmctf09,Wizard[SG],attack,1.757,216,799,100118,175914,1,0,4,19
192,s09-7v7-lmctf09,Arach[SG],defend,1.520,58,776,26535,40326,0,0,7,3
192,s09-7v7-lmctf09,Caco[SG],defend,1.291,38,694,11963,15440,0,0,2,1
192,s09-7v7-lmctf09,Rune[SG],defend,1.123,200,731,80103,89965,0,0,1,2
192,s09-7v7-lmctf09,Slip[SG],defend,1.370,172,770,32575,44642,0,0,3,1
192,s09-7v7-lmctf09,Gate[SG],attack,1.511,209,772,95072,143680,0,0,9,8
192,s09-7v7-lmctf09,Phase[SG],attack,1.485,200,801,99296,147444,0,0,8,10
192,s09-7v7-lmctf09,Field[SG],attack,1.672,224,782,100073,167338,0,0,7,14
192,s09-7v7-lmctf09,Trace[SG],attack,1.560,233,778,102047,159184,0,0,9,8
192,s09-7v7-lmctf09,Vore[SG],attack,1.705,230,791,103605,176624,1,0,10,8
192,s09-7v7-lmctf09,Fiend[SG],attack,1.627,222,782,98474,160193,0,0,8,4
192,s09-7v7-lmctf09,Scrag[SG],attack,1.694,253,798,122484,207450,0,0,16,14
192,s09-7v7-lmctf09,Ogre[SG],attack,1.723,231,783,92388,159227,1,0,10,11
192,s09-7v7-lmctf09,Knight[SG],attack,1.362,207,798,94923,129276,1,0,9,11
192,s09-7v7-lmctf09,Wizard[SG],attack,1.778,193,779,92792,164941,1,0,7,12
192,s10-5v1-smap05,Arach[SG],defend,2.424,11,784,4658,11293,0,0,1,0
192,s10-5v1-smap05,Caco[SG],attack,1.379,198,789,95862,132232,1,0,8,12
192,s10-5v1-smap05,Rune[SG],defend,0.876,223,794,60392,52898,0,0,0,1
192,s10-5v1-smap05,Slip[SG],attack,1.556,237,1100,88634,137877,2,1,5,3
192,s10-5v1-smap05,Gate[SG],attack,1.168,153,762,56281,65763,0,0,0,1
192,s10-5v1-smap05,Phase[SG],attack,1.285,224,1100,88632,113929,2,0,6,3
193,s01-2v2-lmctf03,Arach[SG],defend,1.164,2,749,1331,1550,0,0,0,0
193,s01-2v2-lmctf03,Caco[SG],defend,0.642,79,777,6163,3954,0,0,0,0
193,s01-2v2-lmctf03,Rune[SG],attack,1.099,180,776,69227,76063,0,0,0,0
193,s01-2v2-lmctf03,Slip[SG],attack,0.518,249,785,94572,49034,0,0,0,0
193,s02-2v2-lmctf03,Arach[SG],defend,1.058,57,761,25432,26908,0,0,1,2
193,s02-2v2-lmctf03,Caco[SG],defend,0.675,158,777,15280,10313,0,0,0,0
193,s02-2v2-lmctf03,Rune[SG],attack,1.354,177,779,72263,97876,0,0,1,0
193,s02-2v2-lmctf03,Slip[SG],attack,1.247,223,786,101471,126552,2,0,2,2
193,s03-5v5-lmctf05,Arach[SG],defend,1.007,165,834,57219,57595,0,0,3,4
193,s03-5v5-lmctf05,Caco[SG],defend,2.519,125,475,7481,18847,0,0,3,1
193,s03-5v5-lmctf05,Rune[SG],defend,1.658,203,778,75713,125546,0,0,4,3
193,s03-5v5-lmctf05,Slip[SG],defend,1.046,200,777,81740,85501,0,0,1,2
193,s03-5v5-lmctf05,Gate[SG],attack,1.893,143,786,72483,137232,0,0,3,7
193,s03-5v5-lmctf05,Phase[SG],attack,1.439,158,800,76432,109990,0,0,10,10
193,s03-5v5-lmctf05,Field[SG],attack,2.020,142,781,70951,143349,1,0,11,12
193,s03-5v5-lmctf05,Trace[SG],attack,1.724,162,767,81749,140900,0,0,3,6
193,s03-5v5-lmctf05,Vore[SG],attack,2.230,122,738,25912,57793,0,0,0,2
193,s03-5v5-lmctf05,Fiend[SG],attack,2.039,158,774,72725,148299,3,0,15,6
193,s04-5v5-lmctf01,Arach[SG],defend,0.723,5,633,3002,2170,0,0,2,2
193,s04-5v5-lmctf01,Caco[SG],defend,0.298,173,746,10657,3171,0,0,5,1
193,s04-5v5-lmctf01,Rune[SG],defend,0.470,234,327,24217,11375,0,0,2,0
193,s04-5v5-lmctf01,Slip[SG],defend,0.508,232,731,42485,21565,0,0,0,0
193,s04-5v5-lmctf01,Gate[SG],attack,1.324,203,788,86056,113937,0,0,6,4
193,s04-5v5-lmctf01,Phase[SG],attack,1.609,197,802,85695,137877,0,0,7,5
193,s04-5v5-lmctf01,Field[SG],attack,1.388,169,789,76037,105566,0,0,0,5
193,s04-5v5-lmctf01,Trace[SG],attack,1.373,197,794,88531,121523,0,0,2,2
193,s04-5v5-lmctf01,Vore[SG],attack,1.269,170,766,72214,91633,0,0,2,4
193,s04-5v5-lmctf01,Fiend[SG],attack,1.485,154,778,67307,99936,1,0,5,9
193,s05-5v5-lmctf22,Arach[SG],defend,1.113,232,772,53997,60083,0,0,0,6
193,s05-5v5-lmctf22,Caco[SG],defend,1.178,119,786,24171,28465,0,0,4,2
193,s05-5v5-lmctf22,Rune[SG],defend,1.231,230,817,64404,79251,0,0,7,3
193,s05-5v5-lmctf22,Slip[SG],defend,1.015,242,778,67008,68012,0,0,0,3
193,s05-5v5-lmctf22,Gate[SG],attack,1.273,231,775,80968,103101,0,0,6,4
193,s05-5v5-lmctf22,Phase[SG],attack,1.409,245,782,96071,135330,1,0,11,5
193,s05-5v5-lmctf22,Field[SG],attack,1.548,220,782,94707,146642,1,0,8,10
193,s05-5v5-lmctf22,Trace[SG],attack,1.156,200,785,85185,98494,0,0,6,7
193,s05-5v5-lmctf22,Vore[SG],attack,1.401,228,781,94365,132248,1,0,6,8
193,s05-5v5-lmctf22,Fiend[SG],attack,1.427,229,780,94152,134353,1,0,7,7
193,s06-5v5-lmctf02c,Arach[SG],defend,1.293,188,784,87667,113344,0,0,2,1
193,s06-5v5-lmctf02c,Caco[SG],defend,1.540,247,800,120108,184951,0,0,1,2
193,s06-5v5-lmctf02c,Rune[SG],defend,1.628,234,798,110460,179815,0,0,4,1
193,s06-5v5-lmctf02c,Slip[SG],defend,1.252,230,778,85360,106911,0,0,0,0
193,s06-5v5-lmctf02c,Gate[SG],attack,1.736,223,800,104038,180583,0,0,7,9
193,s06-5v5-lmctf02c,Phase[SG],attack,1.378,219,777,104610,144153,0,0,5,3
193,s06-5v5-lmctf02c,Field[SG],attack,1.918,207,750,97783,187527,0,0,6,6
193,s06-5v5-lmctf02c,Trace[SG],attack,2.079,205,800,101684,211371,0,0,5,6
193,s06-5v5-lmctf02c,Vore[SG],attack,2.002,229,806,103791,207813,0,0,5,11
193,s06-5v5-lmctf02c,Fiend[SG],attack,1.885,195,790,86594,163233,0,0,8,4
193,s07-5v5-mactf06,Arach[SG],defend,1.043,173,774,29748,31028,0,0,7,2
193,s07-5v5-mactf06,Caco[SG],defend,0.815,243,766,24165,19691,0,0,1,2
193,s07-5v5-mactf06,Rune[SG],defend,0.610,233,758,16769,10222,0,0,1,2
193,s07-5v5-mactf06,Slip[SG],defend,0.885,241,776,16488,14587,0,0,1,1
193,s07-5v5-mactf06,Gate[SG],attack,1.329,232,783,98182,130456,0,0,8,2
193,s07-5v5-mactf06,Phase[SG],attack,1.223,222,799,97180,118881,0,0,15,8
193,s07-5v5-mactf06,Field[SG],attack,1.066,236,780,102691,109449,0,0,1,11
193,s07-5v5-mactf06,Trace[SG],attack,1.641,226,777,103470,169814,0,0,4,4
193,s07-5v5-mactf06,Vore[SG],attack,1.752,229,800,95559,167430,0,0,11,9
193,s07-5v5-mactf06,Fiend[SG],attack,1.403,226,779,106002,148712,0,0,4,12
193,s08-7v7-lmctf09,Arach[SG],defend,1.410,22,585,7962,11225,0,0,6,0
193,s08-7v7-lmctf09,Caco[SG],defend,0.770,46,775,15418,11875,0,0,3,1
193,s08-7v7-lmctf09,Rune[SG],defend,0.701,194,563,45536,31911,0,0,5,1
193,s08-7v7-lmctf09,Slip[SG],defend,1.297,152,770,53898,69898,0,0,1,5
193,s08-7v7-lmctf09,Gate[SG],attack,1.775,240,800,108903,193271,0,0,11,8
193,s08-7v7-lmctf09,Phase[SG],attack,1.592,216,799,94977,151219,0,0,20,6
193,s08-7v7-lmctf09,Field[SG],attack,1.531,189,800,88399,135381,0,0,4,8
193,s08-7v7-lmctf09,Trace[SG],attack,1.662,224,781,95593,158864,0,0,9,9
193,s08-7v7-lmctf09,Vore[SG],attack,1.595,194,797,90414,144209,0,0,7,14
193,s08-7v7-lmctf09,Fiend[SG],attack,1.608,209,777,92545,148843,0,0,16,7
193,s08-7v7-lmctf09,Scrag[SG],attack,1.629,180,799,86799,141362,0,0,6,10
193,s08-7v7-lmctf09,Ogre[SG],attack,1.552,200,809,97230,150941,0,0,8,17
193,s08-7v7-lmctf09,Knight[SG],attack,1.680,202,795,94064,158011,1,0,14,14
193,s08-7v7-lmctf09,Wizard[SG],attack,1.928,202,799,86316,166449,3,0,4,14
193,s09-7v7-lmctf09,Arach[SG],defend,1.457,66,771,32607,47524,0,0,2,3
193,s09-7v7-lmctf09,Caco[SG],defend,0.889,119,809,34691,30844,0,0,9,6
193,s09-7v7-lmctf09,Rune[SG],defend,1.088,240,799,66625,72479,0,0,5,0
193,s09-7v7-lmctf09,Slip[SG],defend,0.903,137,772,42728,38577,0,0,6,4
193,s09-7v7-lmctf09,Gate[SG],attack,1.691,203,799,95613,161659,1,0,5,13
193,s09-7v7-lmctf09,Phase[SG],attack,1.745,220,778,79562,138798,0,0,12,8
193,s09-7v7-lmctf09,Field[SG],attack,1.521,212,800,92051,139969,0,0,8,7
193,s09-7v7-lmctf09,Trace[SG],attack,1.571,195,798,86733,136252,1,0,12,5
193,s09-7v7-lmctf09,Vore[SG],attack,1.653,214,785,101139,167218,2,0,6,9
193,s09-7v7-lmctf09,Fiend[SG],attack,1.851,208,875,95063,175933,0,0,13,10
193,s09-7v7-lmctf09,Scrag[SG],attack,1.625,214,809,96244,156428,0,0,4,9
193,s09-7v7-lmctf09,Ogre[SG],attack,1.519,188,801,88336,134218,1,0,6,11
193,s09-7v7-lmctf09,Knight[SG],attack,1.501,216,798,94658,142053,1,0,7,7
193,s09-7v7-lmctf09,Wizard[SG],attack,1.722,199,806,97904,168626,0,0,6,9
193,s10-5v1-smap05,Arach[SG],defend,1.726,15,773,7098,12249,0,0,1,1
193,s10-5v1-smap05,Caco[SG],attack,1.505,207,809,93203,140304,0,0,9,17
193,s10-5v1-smap05,Rune[SG],defend,1.227,213,810,80210,98456,0,0,1,2
193,s10-5v1-smap05,Slip[SG],attack,1.442,198,781,74139,106905,2,1,2,0
193,s10-5v1-smap05,Gate[SG],attack,1.512,226,1086,88410,133718,2,1,8,3
193,s10-5v1-smap05,Phase[SG],attack,1.518,215,794,83970,127480,3,0,5,3
194,s01-2v2-lmctf03,Arach[SG],defend,1.943,33,749,10803,20990,0,0,0,0
194,s01-2v2-lmctf03,Caco[SG],defend,0.189,249,777,10857,2055,0,0,0,0
194,s01-2v2-lmctf03,Rune[SG],attack,1.608,180,791,66978,107671,0,0,0,1
194,s01-2v2-lmctf03,Slip[SG],attack,1.119,201,779,98200,109904,0,0,1,0
194,s02-2v2-lmctf03,Arach[SG],defend,1.852,49,774,21355,39554,0,0,0,2
194,s02-2v2-lmctf03,Caco[SG],defend,0.772,154,777,32440,25028,0,0,0,0
194,s02-2v2-lmctf03,Rune[SG],attack,1.131,186,775,78826,89134,0,0,0,3
194,s02-2v2-lmctf03,Slip[SG],attack,1.073,217,783,95973,102959,2,0,5,0
194,s03-5v5-lmctf01,Arach[SG],defend,1.256,1,285,1190,1495,0,0,2,0
194,s03-5v5-lmctf01,Caco[SG],defend,0.383,83,768,6643,2546,0,0,2,1
194,s03-5v5-lmctf01,Rune[SG],defend,0.519,228,779,36395,18875,0,0,1,0
194,s03-5v5-lmctf01,Slip[SG],defend,0.828,217,764,44799,37115,0,0,1,0
194,s03-5v5-lmctf01,Gate[SG],attack,1.933,184,794,85767,165781,1,0,1,5
194,s03-5v5-lmctf01,Phase[SG],attack,1.370,178,802,83246,114026,0,0,3,3
194,s03-5v5-lmctf01,Field[SG],attack,1.391,190,800,80769,112316,0,0,2,5
194,s03-5v5-lmctf01,Trace[SG],attack,1.329,201,774,90590,120410,0,0,4,2
194,s03-5v5-lmctf01,Vore[SG],attack,1.359,178,777,73640,100106,0,0,4,3
194,s03-5v5-lmctf01,Fiend[SG],attack,1.295,137,773,52587,68086,0,0,1,2
194,s04-5v5-lmctf22,Arach[SG],defend,0.973,204,779,39259,38214,0,0,1,3
194,s04-5v5-lmctf22,Caco[SG],defend,0.159,247,775,13991,2225,0,0,0,0
194,s04-5v5-lmctf22,Rune[SG],defend,0.801,235,784,59993,48070,0,0,9,5
194,s04-5v5-lmctf22,Slip[SG],defend,0.984,241,777,43111,42426,0,0,0,4
194,s04-5v5-lmctf22,Gate[SG],attack,0.933,185,770,73946,68960,0,0,1,1
194,s04-5v5-lmctf22,Phase[SG],attack,1.003,186,791,78143,78402,0,0,1,3
194,s04-5v5-lmctf22,Field[SG],attack,1.254,207,778,90970,114116,0,0,7,6
194,s04-5v5-lmctf22,Trace[SG],attack,1.162,238,789,98266,114168,0,0,10,4
194,s04-5v5-lmctf22,Vore[SG],attack,1.423,237,787,103368,147092,2,1,4,7
194,s04-5v5-lmctf22,Fiend[SG],attack,1.290,230,843,97324,125576,1,0,5,5
194,s05-5v5-lmctf02c,Arach[SG],defend,1.150,83,771,41206,47380,0,0,0,0
194,s05-5v5-lmctf02c,Caco[SG],defend,1.663,234,795,112197,186555,0,0,0,3
194,s05-5v5-lmctf02c,Rune[SG],defend,1.492,222,800,105014,156651,0,0,3,6
194,s05-5v5-lmctf02c,Slip[SG],defend,1.184,227,789,90104,106657,0,0,0,0
194,s05-5v5-lmctf02c,Gate[SG],attack,2.107,221,800,105363,222009,0,0,8,4
194,s05-5v5-lmctf02c,Phase[SG],attack,1.533,219,777,99252,152112,0,0,6,8
194,s05-5v5-lmctf02c,Field[SG],attack,1.602,232,783,67622,108320,0,0,6,6
194,s05-5v5-lmctf02c,Trace[SG],attack,1.661,210,799,97030,161170,0,0,5,2
194,s05-5v5-lmctf02c,Vore[SG],attack,1.815,219,806,99527,180594,0,0,3,6
194,s05-5v5-lmctf02c,Fiend[SG],attack,1.339,231,776,102208,136807,0,0,11,7
194,s06-5v5-mactf06,Arach[SG],defend,0.316,230,776,13603,4300,0,0,5,1
194,s06-5v5-mactf06,Caco[SG],defend,1.065,238,741,25915,27606,0,0,5,0
194,s06-5v5-mactf06,Rune[SG],defend,0.485,240,773,8420,4081,0,0,4,0
194,s06-5v5-mactf06,Slip[SG],defend,0.990,243,736,35804,35431,0,0,1,3
194,s06-5v5-mactf06,Gate[SG],attack,1.589,204,804,90825,144354,0,0,9,11
194,s06-5v5-mactf06,Phase[SG],attack,1.202,230,800,91299,109730,0,0,2,6
194,s06-5v5-mactf06,Field[SG],attack,1.536,227,800,96424,148079,0,0,7,6
194,s06-5v5-mactf06,Trace[SG],attack,1.498,233,779,103612,155193,0,0,9,5
194,s06-5v5-mactf06,Vore[SG],attack,1.372,239,800,113393,155527,0,0,8,11
194,s06-5v5-mactf06,Fiend[SG],attack,1.258,223,800,93536,117673,0,0,2,9
194,s07-5v5-lmctf05,Arach[SG],defend,1.179,186,783,48635,57331,0,0,0,4
194,s07-5v5-lmctf05,Caco[SG],defend,1.444,71,755,8739,12617,0,0,1,1
194,s07-5v5-lmctf05,Rune[SG],defend,1.214,159,771,62718,76109,0,0,2,4
194,s07-5v5-lmctf05,Slip[SG],defend,1.024,203,791,82438,84416,0,0,4,0
194,s07-5v5-lmctf05,Gate[SG],attack,2.290,151,664,53180,121769,0,0,0,3
194,s07-5v5-lmctf05,Phase[SG],attack,1.865,149,789,72392,134983,0,0,4,2
194,s07-5v5-lmctf05,Field[SG],attack,1.472,185,764,44892,66095,0,0,2,2
194,s07-5v5-lmctf05,Trace[SG],attack,1.668,135,793,67281,112216,0,0,3,4
194,s07-5v5-lmctf05,Vore[SG],attack,1.499,187,787,76896,115237,1,0,9,4
194,s07-5v5-lmctf05,Fiend[SG],attack,2.108,157,779,22279,46971,0,0,1,2
194,s08-7v7-lmctf09,Arach[SG],defend,1.141,44,799,11277,12866,0,0,2,1
194,s08-7v7-lmctf09,Caco[SG],defend,0.883,136,771,29995,26475,0,0,5,2
194,s08-7v7-lmctf09,Rune[SG],defend,1.254,187,767,62610,78509,0,0,8,4
194,s08-7v7-lmctf09,Slip[SG],defend,1.054,204,770,25598,26986,0,0,2,4
194,s08-7v7-lmctf09,Gate[SG],attack,1.696,217,775,100040,169697,0,0,12,7
194,s08-7v7-lmctf09,Phase[SG],attack,1.585,205,799,101241,160505,0,0,5,12
194,s08-7v7-lmctf09,Field[SG],attack,1.755,214,798,96853,169971,0,0,17,8
194,s08-7v7-lmctf09,Trace[SG],attack,2.015,245,778,48485,97689,0,0,6,3
194,s08-7v7-lmctf09,Vore[SG],attack,1.680,196,809,95671,160738,0,0,4,7
194,s08-7v7-lmctf09,Fiend[SG],attack,1.723,217,799,102365,176340,0,0,4,10
194,s08-7v7-lmctf09,Scrag[SG],attack,1.660,207,809,96236,159775,0,0,13,6
194,s08-7v7-lmctf09,Ogre[SG],attack,1.793,198,800,88762,159107,0,0,4,11
194,s08-7v7-lmctf09,Knight[SG],attack,1.807,216,799,105059,189812,1,0,7,8
194,s08-7v7-lmctf09,Wizard[SG],attack,1.575,172,806,86817,136728,0,0,4,10
194,s09-7v7-lmctf09,Arach[SG],defend,1.734,32,741,13997,24275,0,0,3,5
194,s09-7v7-lmctf09,Caco[SG],defend,0.938,44,737,16277,15270,0,0,2,2
194,s09-7v7-lmctf09,Rune[SG],defend,0.957,223,772,47900,45844,0,0,3,1
194,s09-7v7-lmctf09,Slip[SG],defend,1.318,230,782,36338,47876,0,0,1,5
194,s09-7v7-lmctf09,Gate[SG],attack,1.675,210,808,93943,157386,0,0,7,12
194,s09-7v7-lmctf09,Phase[SG],attack,1.770,219,787,101645,179955,0,0,15,7
194,s09-7v7-lmctf09,Field[SG],attack,1.544,193,775,90510,139784,0,0,4,11
194,s09-7v7-lmctf09,Trace[SG],attack,1.758,229,809,100320,176357,2,0,9,7
194,s09-7v7-lmctf09,Vore[SG],attack,1.755,224,799,104578,183535,0,0,15,18
194,s09-7v7-lmctf09,Fiend[SG],attack,1.758,219,785,102913,180966,0,0,15,7
194,s09-7v7-lmctf09,Scrag[SG],attack,1.667,219,798,96538,160882,0,0,14,7
194,s09-7v7-lmctf09,Ogre[SG],attack,1.622,192,805,88044,142816,1,0,6,13
194,s09-7v7-lmctf09,Knight[SG],attack,1.540,191,800,88723,136642,0,0,8,8
194,s09-7v7-lmctf09,Wizard[SG],attack,1.659,209,800,98355,163196,0,0,10,10
194,s10-5v1-smap05,Arach[SG],defend,2.113,4,745,1567,3310,0,0,1,0
194,s10-5v1-smap05,Caco[SG],recover,1.401,205,1036,87148,122126,0,0,4,9
194,s10-5v1-smap05,Rune[SG],defend,1.195,207,1102,69416,82937,0,0,1,0
194,s10-5v1-smap05,Slip[SG],attack,1.619,198,800,80588,130458,4,0,3,1
194,s10-5v1-smap05,Gate[SG],attack,1.313,197,778,75305,98856,1,1,1,3
194,s10-5v1-smap05,Phase[SG],attack,1.333,201,984,77805,103682,2,1,3,0
